,Name,PD,Positive,HOMFLY
,3_1,[[1;5;2;4];[3;1;4;6];[5;3;6;2]],Y,(2*v^2-v^4)+ v^2*z^2
,5_1,[[2;8;3;7];[4;10;5;9];[6;2;7;1];[8;4;9;3];[10;6;1;5]],Y,(3*v^4-2*v^6)+ (4*v^4-v^6)*z^2+ v^4*z^4
,5_2,[[1;5;2;4];[3;9;4;8];[5;1;6;10];[7;3;8;2];[9;7;10;6]],Y,(v^2+ v^4-v^6)+ (v^2+ v^4)*z^2
,7_1,[[1;9;2;8];[3;11;4;10];[5;13;6;12];[7;1;8;14];[9;3;10;2];[11;5;12;4];[13;7;14;6]],Y,(4*v^6-3*v^8)+ (10*v^6-4*v^8)*z^2+ (6*v^6-v^8)*z^4+ v^6*z^6
,7_2,[[2;10;3;9];[4;14;5;13];[6;12;7;11];[8;2;9;1];[10;8;11;7];[12;6;13;5];[14;4;1;3]],Y,(v^2+ v^6-v^8)+ (v^2+ v^4+ v^6)*z^2
,7_3,[[1;9;2;8];[3;11;4;10];[5;1;6;14];[7;13;8;12];[9;3;10;2];[11;5;12;4];[13;7;14;6]],Y,(v^4+ 2*v^6-2*v^8)+ (3*v^4+ 3*v^6-v^8)*z^2+ (v^4+ v^6)*z^4
,7_4,[[2;10;3;9];[4;12;5;11];[6;14;7;13];[8;4;9;3];[10;2;11;1];[12;8;13;7];[14;6;1;5]],Y,(2*v^4-v^8)+ (v^2+ 2*v^4+ v^6)*z^2
,7_5,[[2;10;3;9];[4;2;5;1];[6;14;7;13];[8;12;9;11];[10;4;11;3];[12;6;13;5];[14;8;1;7]],Y,(2*v^4-v^8)+ (3*v^4+ 2*v^6-v^8)*z^2+ (v^4+ v^6)*z^4
,8_15,[[1;7;2;6];[3;15;4;14];[5;9;6;8];[7;3;8;2];[9;13;10;12];[11;1;12;16];[13;5;14;4];[15;11;16;10]],Y,(v^4+ 3*v^6-4*v^8+ v^10)+ (2*v^4+ 5*v^6-3*v^8)*z^2+ (v^4+ 2*v^6)*z^4
,8_19,[[2;14;3;13];[5;11;6;10];[7;15;8;14];[9;5;10;4];[11;7;12;6];[12;2;13;1];[15;9;16;8];[16;4;1;3]],Y,(5*v^6-5*v^8+ v^10)+ (10*v^6-5*v^8)*z^2+ (6*v^6-v^8)*z^4+ v^6*z^6
,9_1,[[1;11;2;10];[3;13;4;12];[5;15;6;14];[7;17;8;16];[9;1;10;18];[11;3;12;2];[13;5;14;4];[15;7;16;6];[17;9;18;8]],Y,(5*v^8-4*v^10)+ (20*v^8-10*v^10)*z^2+ (21*v^8-6*v^10)*z^4+ (8*v^8-v^10)*z^6+ v^8*z^8
,9_2,[[2;8;3;7];[4;14;5;13];[6;4;7;3];[8;2;9;1];[10;18;11;17];[12;16;13;15];[14;6;15;5];[16;12;17;11];[18;10;1;9]],Y,(v^2+ v^8-v^10)+ (v^2+ v^4+ v^6+ v^8)*z^2
,9_3,[[1;11;2;10];[3;15;4;14];[5;13;6;12];[7;17;8;16];[9;1;10;18];[11;3;12;2];[13;5;14;4];[15;7;16;6];[17;9;18;8]],Y,(v^6+ 3*v^8-3*v^10)+ (6*v^6+ 7*v^8-4*v^10)*z^2+ (5*v^6+ 5*v^8-v^10)*z^4+ (v^6+ v^8)*z^6
,9_4,[[2;14;3;13];[4;12;5;11];[6;16;7;15];[8;18;9;17];[10;6;11;5];[12;4;13;3];[14;2;15;1];[16;8;17;7];[18;10;1;9]],Y,(v^4+ 2*v^8-2*v^10)+ (3*v^4+ 2*v^6+ 3*v^8-v^10)*z^2+ (v^4+ v^6+ v^8)*z^4
,9_5,[[2;14;3;13];[4;12;5;11];[6;16;7;15];[8;18;9;17];[10;6;11;5];[12;4;13;3];[14;2;15;1];[16;10;17;9];[18;8;1;7]],Y,(v^4+ v^6-v^10)+ (v^2+ 2*v^4+ 2*v^6+ v^8)*z^2
,9_6,[[1;13;2;12];[3;7;4;6];[5;15;6;14];[7;3;8;2];[9;17;10;16];[11;1;12;18];[13;5;14;4];[15;9;16;8];[17;11;18;10]],Y,(3*v^6-v^8-v^10)+ (7*v^6+ 3*v^8-3*v^10)*z^2+ (5*v^6+ 4*v^8-v^10)*z^4+ (v^6+ v^8)*z^6
,9_7,[[2;10;3;9];[4;12;5;11];[6;16;7;15];[8;6;9;5];[10;4;11;3];[12;2;13;1];[14;18;15;17];[16;8;17;7];[18;14;1;13]],Y,(2*v^4-v^6+ v^8-v^10)+ (3*v^4+ v^6+ 2*v^8-v^10)*z^2+ (v^4+ v^6+ v^8)*z^4
,9_9,[[1;13;2;12];[3;9;4;8];[5;15;6;14];[7;17;8;16];[9;3;10;2];[11;1;12;18];[13;5;14;4];[15;7;16;6];[17;11;18;10]],Y,(2*v^6+ v^8-2*v^10)+ (7*v^6+ 4*v^8-3*v^10)*z^2+ (5*v^6+ 4*v^8-v^10)*z^4+ (v^6+ v^8)*z^6
,9_10,[[1;13;2;12];[3;11;4;10];[5;17;6;16];[7;15;8;14];[9;1;10;18];[11;3;12;2];[13;5;14;4];[15;7;16;6];[17;9;18;8]],Y,(2*v^6+ v^8-2*v^10)+ (2*v^4+ 5*v^6+ 2*v^8-v^10)*z^2+ (v^4+ 2*v^6+ v^8)*z^4
,9_13,[[2;12;3;11];[4;14;5;13];[6;16;7;15];[8;18;9;17];[10;6;11;5];[12;4;13;3];[14;2;15;1];[16;10;17;9];[18;8;1;7]],Y,(3*v^6-v^8-v^10)+ (2*v^4+ 5*v^6+ v^8-v^10)*z^2+ (v^4+ 2*v^6+ v^8)*z^4
,9_16,[[1;9;2;8];[3;11;4;10];[5;15;6;14];[7;5;8;4];[9;3;10;2];[11;17;12;16];[13;1;14;18];[15;7;16;6];[17;13;18;12]],Y,(4*v^6-3*v^8)+ (8*v^6-2*v^10)*z^2+ (5*v^6+ 3*v^8-v^10)*z^4+ (v^6+ v^8)*z^6
,9_18,[[2;12;3;11];[4;2;5;1];[6;16;7;15];[8;14;9;13];[10;18;11;17];[12;4;13;3];[14;8;15;7];[16;10;17;9];[18;6;1;5]],Y,(v^4+ v^6-v^10)+ (2*v^4+ 4*v^6+ v^8-v^10)*z^2+ (v^4+ 2*v^6+ v^8)*z^4
,9_23,[[2;16;3;15];[4;12;5;11];[6;4;7;3];[8;18;9;17];[10;14;11;13];[12;6;13;5];[14;8;15;7];[16;2;17;1];[18;10;1;9]],Y,(v^4+ 2*v^6-2*v^8)+ (2*v^4+ 4*v^6-v^10)*z^2+ (v^4+ 2*v^6+ v^8)*z^4
,9_35,[[2;12;3;11];[4;16;5;15];[6;14;7;13];[8;18;9;17];[10;4;11;3];[12;2;13;1];[14;6;15;5];[16;10;17;9];[18;8;1;7]],Y,(3*v^6-v^8-v^10)+ (v^2+ 2*v^4+ 3*v^6+ v^8)*z^2
,9_38,[[2;14;3;13];[4;10;5;9];[6;16;7;15];[8;4;9;3];[10;18;11;17];[12;6;13;5];[14;2;15;1];[16;12;17;11];[18;8;1;7]],Y,(4*v^6-3*v^8)+ (v^4+ 7*v^6-v^8-v^10)*z^2+ (v^4+ 3*v^6+ v^8)*z^4
,9_49,[[1;15;2;14];[4;12;5;11];[6;16;7;15];[7;3;8;2];[10;18;11;17];[12;4;13;3];[13;9;14;8];[16;6;17;5];[18;10;1;9]],Y,(4*v^6-3*v^8)+ (2*v^4+ 6*v^6-2*v^8)*z^2+ (v^4+ 2*v^6)*z^4
,10_49,[[1;7;2;6];[3;17;4;16];[5;9;6;8];[7;3;8;2];[9;15;10;14];[11;19;12;18];[13;1;14;20];[15;5;16;4];[17;11;18;10];[19;13;20;12]],Y,(v^6+ 5*v^8-7*v^10+ 2*v^12)+ (4*v^6+ 12*v^8-10*v^10+ v^12)*z^2+ (4*v^6+ 9*v^8-3*v^10)*z^4+ (v^6+ 2*v^8)*z^6
,10_53,[[1;7;2;6];[3;17;4;16];[5;9;6;8];[7;3;8;2];[9;15;10;14];[11;19;12;18];[13;1;14;20];[15;5;16;4];[17;13;18;12];[19;11;20;10]],Y,(3*v^6-3*v^10+ v^12)+ (v^4+ 6*v^6+ 2*v^8-3*v^10)*z^2+ (v^4+ 3*v^6+ 2*v^8)*z^4
,10_55,[[2;10;3;9];[4;18;5;17];[6;12;7;11];[8;2;9;1];[10;8;11;7];[12;6;13;5];[14;20;15;19];[16;14;17;13];[18;4;19;3];[20;16;1;15]],Y,(v^4+ v^6+ v^8-3*v^10+ v^12)+ (2*v^4+ 3*v^6+ 3*v^8-3*v^10)*z^2+ (v^4+ 2*v^6+ 2*v^8)*z^4
,10_63,[[1;9;2;8];[3;19;4;18];[5;17;6;16];[7;11;8;10];[9;3;10;2];[11;15;12;14];[13;1;14;20];[15;7;16;6];[17;5;18;4];[19;13;20;12]],Y,(v^4+ 3*v^8-4*v^10+ v^12)+ (2*v^4+ 3*v^6+ 4*v^8-3*v^10)*z^2+ (v^4+ 2*v^6+ 2*v^8)*z^4
,10_66,[[1;11;2;10];[3;13;4;12];[5;19;6;18];[7;15;8;14];[9;5;10;4];[11;3;12;2];[13;17;14;16];[15;9;16;8];[17;1;18;20];[19;7;20;6]],Y,(2*v^6+ 2*v^8-4*v^10+ v^12)+ (5*v^6+ 9*v^8-8*v^10+ v^12)*z^2+ (4*v^6+ 8*v^8-3*v^10)*z^4+ (v^6+ 2*v^8)*z^6
,10_80,[[1;17;2;16];[3;11;4;10];[5;19;6;18];[7;13;8;12];[9;5;10;4];[11;15;12;14];[13;9;14;8];[15;1;16;20];[17;3;18;2];[19;7;20;6]],Y,(2*v^6+ 3*v^8-6*v^10+ 2*v^12)+ (5*v^6+ 9*v^8-9*v^10+ v^12)*z^2+ (4*v^6+ 8*v^8-3*v^10)*z^4+ (v^6+ 2*v^8)*z^6
,10_101,[[2;12;3;11];[4;18;5;17];[6;14;7;13];[8;20;9;19];[10;6;11;5];[12;2;13;1];[14;10;15;9];[16;4;17;3];[18;16;19;15];[20;8;1;7]],Y,(2*v^6+ 2*v^8-4*v^10+ v^12)+ (v^4+ 5*v^6+ 5*v^8-4*v^10)*z^2+ (v^4+ 3*v^6+ 3*v^8)*z^4
,10_120,[[2;10;3;9];[4;18;5;17];[6;12;7;11];[8;4;9;3];[10;16;11;15];[12;20;13;19];[14;8;15;7];[16;2;17;1];[18;14;19;13];[20;6;1;5]],Y,(3*v^6-3*v^10+ v^12)+ (7*v^6+ 3*v^8-4*v^10)*z^2+ (v^4+ 4*v^6+ 3*v^8)*z^4
,10_124,[[1;9;2;8];[3;11;4;10];[5;13;6;12];[7;19;8;18];[9;3;10;2];[11;5;12;4];[14;20;15;19];[16;14;17;13];[17;7;18;6];[20;16;1;15]],Y,(7*v^8-8*v^10+ 2*v^12)+ (21*v^8-14*v^10+ v^12)*z^2+ (21*v^8-7*v^10)*z^4+ (8*v^8-v^10)*z^6+ v^8*z^8
,10_128,[[1;9;2;8];[3;11;4;10];[5;13;6;12];[7;19;8;18];[9;5;10;4];[11;3;12;2];[14;20;15;19];[16;14;17;13];[17;7;18;6];[20;16;1;15]],Y,(2*v^6+ 2*v^8-4*v^10+ v^12)+ (6*v^6+ 6*v^8-5*v^10)*z^2+ (5*v^6+ 5*v^8-v^10)*z^4+ (v^6+ v^8)*z^6
,10_134,[[2;16;3;15];[4;2;5;1];[7;13;8;12];[9;7;10;6];[10;18;11;17];[13;9;14;8];[14;20;15;19];[16;4;17;3];[18;12;19;11];[20;6;1;5]],Y,(3*v^6-3*v^10+ v^12)+ (7*v^6+ 3*v^8-4*v^10)*z^2+ (5*v^6+ 4*v^8-v^10)*z^4+ (v^6+ v^8)*z^6
,10_139,[[1;11;2;10];[4;18;5;17];[5;13;6;12];[7;15;8;14];[9;1;10;20];[11;3;12;2];[13;7;14;6];[16;4;17;3];[18;16;19;15];[19;9;20;8]],Y,(6*v^8-6*v^10+ v^12)+ (21*v^8-13*v^10+ v^12)*z^2+ (21*v^8-7*v^10)*z^4+ (8*v^8-v^10)*z^6+ v^8*z^8
,10_142,[[1;15;2;14];[4;12;5;11];[6;18;7;17];[8;16;9;15];[10;4;11;3];[12;6;13;5];[13;1;14;20];[16;8;17;7];[18;10;19;9];[19;3;20;2]],Y,(v^6+ 4*v^8-5*v^10+ v^12)+ (6*v^6+ 7*v^8-5*v^10)*z^2+ (5*v^6+ 5*v^8-v^10)*z^4+ (v^6+ v^8)*z^6
,10_152,[[1;7;2;6];[3;9;4;8];[5;19;6;18];[7;3;8;2];[10;16;11;15];[12;20;13;19];[14;10;15;9];[16;12;17;11];[17;5;18;4];[20;14;1;13]],Y,(8*v^8-10*v^10+ 3*v^12)+ (22*v^8-17*v^10+ 2*v^12)*z^2+ (21*v^8-8*v^10)*z^4+ (8*v^8-v^10)*z^6+ v^8*z^8
,10_154,[[1;17;2;16];[3;7;4;6];[5;1;6;20];[8;14;9;13];[10;8;11;7];[12;18;13;17];[14;10;15;9];[15;3;16;2];[18;12;19;11];[19;5;20;4]],Y,(4*v^6-2*v^8-2*v^10+ v^12)+ (9*v^6-2*v^8-2*v^10)*z^2+ 6*v^6*z^4+ v^6*z^6
,10_161,[[1;13;2;12];[4;18;5;17];[6;14;7;13];[8;4;9;3];[9;17;10;16];[11;1;12;20];[14;6;15;5];[15;11;16;10];[18;8;19;7];[19;3;20;2]],Y,(3*v^6-v^8-v^10)+ (9*v^6-v^8-v^10)*z^2+ 6*v^6*z^4+ v^6*z^6
,11a_43,[[4;2;5;1];[8;4;9;3];[14;6;15;5];[18;16;19;15];[16;12;17;11];[12;18;13;17];[22;20;1;19];[20;10;21;9];[10;22;11;21];[6;14;7;13];[2;8;3;7]],Y,(v^6+ 7*v^8-12*v^10+ 6*v^12-v^14)+ (3*v^6+ 16*v^8-17*v^10+ 4*v^12)*z^2+ (3*v^6+ 12*v^8-6*v^10)*z^4+ (v^6+ 3*v^8)*z^6
,11a_94,[[4;2;5;1];[10;4;11;3];[12;6;13;5];[18;8;19;7];[20;14;21;13];[22;16;1;15];[14;22;15;21];[16;20;17;19];[6;18;7;17];[8;12;9;11];[2;10;3;9]],Y,(2*v^6+ 2*v^8-4*v^10+ v^12)+ (5*v^6+ 7*v^8-4*v^10-v^12)*z^2+ (4*v^6+ 7*v^8+ v^10-v^12)*z^4+ (v^6+ 2*v^8+ v^10)*z^6
,11a_95,[[4;2;5;1];[10;4;11;3];[12;6;13;5];[18;8;19;7];[22;14;1;13];[20;16;21;15];[16;20;17;19];[14;22;15;21];[6;18;7;17];[8;12;9;11];[2;10;3;9]],Y,(v^4+ v^6-v^10)+ (2*v^4+ 3*v^6+ 2*v^8-v^12)*z^2+ (v^4+ 2*v^6+ 2*v^8+ v^10)*z^4
,11a_123,[[4;2;5;1];[10;4;11;3];[20;8;21;7];[18;14;19;13];[14;6;15;5];[6;18;7;17];[12;20;13;19];[8;12;9;11];[22;16;1;15];[16;22;17;21];[2;10;3;9]],Y,(2*v^6+ 2*v^8-4*v^10+ v^12)+ (v^4+ 4*v^6+ 6*v^8-3*v^10-v^12)*z^2+ (v^4+ 3*v^6+ 4*v^8+ v^10)*z^4
,11a_124,[[4;2;5;1];[10;4;11;3];[14;6;15;5];[22;16;1;15];[16;12;17;11];[20;8;21;7];[18;22;19;21];[12;18;13;17];[6;20;7;19];[8;14;9;13];[2;10;3;9]],Y,(v^6+ 5*v^8-7*v^10+ 2*v^12)+ (3*v^6+ 13*v^8-9*v^10)*z^2+ (3*v^6+ 11*v^8-v^10-v^12)*z^4+ (v^6+ 3*v^8+ v^10)*z^6
,11a_186,[[4;2;5;1];[12;4;13;3];[14;6;15;5];[16;8;17;7];[20;10;21;9];[22;18;1;17];[18;22;19;21];[6;16;7;15];[8;20;9;19];[10;14;11;13];[2;12;3;11]],Y,(2*v^6+ v^8-2*v^10)+ (5*v^6+ 6*v^8-v^10-2*v^12)*z^2+ (4*v^6+ 7*v^8+ 2*v^10-v^12)*z^4+ (v^6+ 2*v^8+ v^10)*z^6
,11a_191,[[4;2;5;1];[12;4;13;3];[14;6;15;5];[18;8;19;7];[22;16;1;15];[16;22;17;21];[20;10;21;9];[6;18;7;17];[8;20;9;19];[10;14;11;13];[2;12;3;11]],Y,(v^6+ 3*v^8-3*v^10)+ (4*v^6+ 9*v^8-2*v^10-2*v^12)*z^2+ (4*v^6+ 8*v^8+ 2*v^10-v^12)*z^4+ (v^6+ 2*v^8+ v^10)*z^6
,11a_192,[[4;2;5;1];[12;4;13;3];[14;6;15;5];[20;10;21;9];[22;16;1;15];[16;22;17;21];[6;20;7;19];[18;8;19;7];[8;18;9;17];[10;14;11;13];[2;12;3;11]],Y,(2*v^6+ v^8-2*v^10)+ (v^4+ 5*v^6+ 4*v^8-v^10-v^12)*z^2+ (v^4+ 3*v^6+ 3*v^8+ v^10)*z^4
,11a_200,[[4;2;5;1];[12;4;13;3];[16;6;17;5];[20;10;21;9];[22;18;1;17];[18;22;19;21];[8;20;9;19];[14;8;15;7];[10;14;11;13];[6;16;7;15];[2;12;3;11]],Y,(v^4+ 2*v^8-2*v^10)+ (2*v^4+ 2*v^6+ 5*v^8-v^10-v^12)*z^2+ (v^4+ 2*v^6+ 3*v^8+ v^10)*z^4
,11a_227,[[4;2;5;1];[12;4;13;3];[18;6;19;5];[8;14;9;13];[22;8;1;7];[20;16;21;15];[14;22;15;21];[6;20;7;19];[10;18;11;17];[16;10;17;9];[2;12;3;11]],Y,(v^6+ 4*v^8-5*v^10+ v^12)+ (3*v^6+ 12*v^8-6*v^10-v^12)*z^2+ (3*v^6+ 11*v^8-v^12)*z^4+ (v^6+ 3*v^8+ v^10)*z^6
,11a_234,[[4;2;5;1];[14;4;15;3];[16;6;17;5];[18;8;19;7];[20;10;21;9];[22;12;1;11];[6;18;7;17];[8;20;9;19];[10;22;11;21];[12;16;13;15];[2;14;3;13]],Y,(4*v^8-2*v^10-v^12)+ (14*v^8+ 3*v^10-6*v^12)*z^2+ (16*v^8+ 10*v^10-5*v^12)*z^4+ (7*v^8+ 6*v^10-v^12)*z^6+ (v^8+ v^10)*z^8
,11a_235,[[4;2;5;1];[14;4;15;3];[16;6;17;5];[18;8;19;7];[22;12;1;11];[6;18;7;17];[8;22;9;21];[20;10;21;9];[10;20;11;19];[12;16;13;15];[2;14;3;13]],Y,(v^6+ 2*v^8-v^10-v^12)+ (4*v^6+ 8*v^8+ v^10-3*v^12)*z^2+ (4*v^6+ 8*v^8+ 3*v^10-v^12)*z^4+ (v^6+ 2*v^8+ v^10)*z^6
,11a_236,[[4;2;5;1];[14;4;15;3];[16;6;17;5];[22;12;1;11];[6;22;7;21];[20;10;21;9];[18;8;19;7];[8;20;9;19];[10;18;11;17];[12;16;13;15];[2;14;3;13]],Y,(2*v^6-v^12)+ (5*v^6+ 6*v^8-2*v^12)*z^2+ (4*v^6+ 7*v^8+ 2*v^10-v^12)*z^4+ (v^6+ 2*v^8+ v^10)*z^6
,11a_237,[[4;2;5;1];[14;4;15;3];[16;6;17;5];[20;12;21;11];[22;10;1;9];[10;22;11;21];[6;20;7;19];[18;8;19;7];[8;18;9;17];[12;16;13;15];[2;14;3;13]],Y,(2*v^6-v^12)+ (v^4+ 5*v^6+ 4*v^8-v^12)*z^2+ (v^4+ 3*v^6+ 3*v^8+ v^10)*z^4
,11a_238,[[4;2;5;1];[14;4;15;3];[16;6;17;5];[22;12;1;11];[6;22;7;21];[20;8;21;7];[18;10;19;9];[10;18;11;17];[8;20;9;19];[12;16;13;15];[2;14;3;13]],Y,(v^4+ v^8-v^12)+ (2*v^4+ 3*v^6+ 3*v^8+ v^10-v^12)*z^2+ (v^4+ 2*v^6+ 2*v^8+ v^10)*z^4
,11a_240,[[4;2;5;1];[14;4;15;3];[18;6;19;5];[20;8;21;7];[22;10;1;9];[6;20;7;19];[8;22;9;21];[12;18;13;17];[16;12;17;11];[10;16;11;15];[2;14;3;13]],Y,(6*v^8-6*v^10+ v^12)+ (17*v^8-5*v^10-3*v^12)*z^2+ (17*v^8+ 5*v^10-4*v^12)*z^4+ (7*v^8+ 5*v^10-v^12)*z^6+ (v^8+ v^10)*z^8
,11a_241,[[4;2;5;1];[14;4;15;3];[18;6;19;5];[22;10;1;9];[6;22;7;21];[20;8;21;7];[8;20;9;19];[12;18;13;17];[16;12;17;11];[10;16;11;15];[2;14;3;13]],Y,(2*v^6+ v^8-2*v^10)+ (5*v^6+ 6*v^8-v^10-2*v^12)*z^2+ (4*v^6+ 7*v^8+ 2*v^10-v^12)*z^4+ (v^6+ 2*v^8+ v^10)*z^6
,11a_242,[[4;2;5;1];[14;4;15;3];[18;6;19;5];[20;8;21;7];[22;10;1;9];[6;20;7;19];[8;22;9;21];[16;12;17;11];[12;16;13;15];[10;18;11;17];[2;14;3;13]],Y,(3*v^6-2*v^8+ v^10-v^12)+ (7*v^6+ 4*v^10-3*v^12)*z^2+ (5*v^6+ 3*v^8+ 4*v^10-v^12)*z^4+ (v^6+ v^8+ v^10)*z^6
,11a_243,[[4;2;5;1];[14;4;15;3];[18;6;19;5];[22;10;1;9];[6;22;7;21];[20;8;21;7];[8;20;9;19];[16;12;17;11];[12;16;13;15];[10;18;11;17];[2;14;3;13]],Y,(v^4+ v^6-v^8+ v^10-v^12)+ (2*v^4+ 3*v^6+ 2*v^8+ v^10-v^12)*z^2+ (v^4+ 2*v^6+ 2*v^8+ v^10)*z^4
,11a_244,[[4;2;5;1];[14;4;15;3];[18;6;19;5];[16;10;17;9];[22;8;1;7];[20;12;21;11];[10;22;11;21];[8;16;9;15];[6;20;7;19];[12;18;13;17];[2;14;3;13]],Y,(v^6+ 3*v^8-3*v^10)+ (3*v^6+ 12*v^8-5*v^10-v^12)*z^2+ (3*v^6+ 11*v^8-v^12)*z^4+ (v^6+ 3*v^8+ v^10)*z^6
,11a_245,[[4;2;5;1];[14;4;15;3];[20;6;21;5];[22;8;1;7];[6;22;7;21];[16;10;17;9];[18;12;19;11];[10;18;11;17];[12;16;13;15];[8;20;9;19];[2;14;3;13]],Y,(4*v^6-4*v^8+ 2*v^10-v^12)+ (8*v^6-2*v^8+ 3*v^10-2*v^12)*z^2+ (5*v^6+ 2*v^8+ 3*v^10-v^12)*z^4+ (v^6+ v^8+ v^10)*z^6
,11a_246,[[4;2;5;1];[14;4;15;3];[20;6;21;5];[22;8;1;7];[6;22;7;21];[18;10;19;9];[16;12;17;11];[12;16;13;15];[10;18;11;17];[8;20;9;19];[2;14;3;13]],Y,(2*v^4-v^6+ v^10-v^12)+ (3*v^4+ v^6+ v^8+ 2*v^10-v^12)*z^2+ (v^4+ v^6+ v^8+ v^10)*z^4
,11a_247,[[4;2;5;1];[14;4;15;3];[22;6;1;5];[20;8;21;7];[18;10;19;9];[16;12;17;11];[12;16;13;15];[10;18;11;17];[8;20;9;19];[6;22;7;21];[2;14;3;13]],Y,(v^2+ v^10-v^12)+ (v^2+ v^4+ v^6+ v^8+ v^10)*z^2
,11a_263,[[6;2;7;1];[8;4;9;3];[16;6;17;5];[20;10;21;9];[22;12;1;11];[10;22;11;21];[14;20;15;19];[18;14;19;13];[12;18;13;17];[2;8;3;7];[4;16;5;15]],Y,(8*v^8-11*v^10+ 5*v^12-v^14)+ (20*v^8-13*v^10+ v^12)*z^2+ (18*v^8-3*v^12)*z^4+ (7*v^8+ 4*v^10-v^12)*z^6+ (v^8+ v^10)*z^8
,11a_291,[[6;2;7;1];[16;6;17;5];[22;8;1;7];[8;18;9;17];[10;4;11;3];[4;10;5;9];[14;22;15;21];[18;12;19;11];[20;14;21;13];[12;20;13;19];[2;16;3;15]],Y,(6*v^8-6*v^10+ v^12)+ (v^6+ 16*v^8-6*v^10-2*v^12)*z^2+ (3*v^6+ 13*v^8+ v^10-v^12)*z^4+ (v^6+ 3*v^8+ v^10)*z^6
,11a_292,[[6;2;7;1];[16;6;17;5];[22;8;1;7];[8;18;9;17];[10;4;11;3];[4;10;5;9];[20;14;21;13];[18;12;19;11];[14;20;15;19];[12;22;13;21];[2;16;3;15]],Y,(2*v^6+ v^8-2*v^10)+ (6*v^6+ 5*v^8-2*v^10-v^12)*z^2+ (v^4+ 4*v^6+ 4*v^8+ v^10)*z^4
,11a_298,[[6;2;7;1];[10;4;11;3];[16;10;17;9];[8;18;9;17];[18;6;19;5];[20;12;21;11];[22;14;1;13];[12;22;13;21];[14;20;15;19];[2;8;3;7];[4;16;5;15]],Y,(6*v^8-6*v^10+ v^12)+ (2*v^6+ 15*v^8-7*v^10-v^12)*z^2+ (3*v^6+ 12*v^8-v^12)*z^4+ (v^6+ 3*v^8+ v^10)*z^6
,11a_299,[[6;2;7;1];[10;4;11;3];[16;10;17;9];[8;18;9;17];[18;6;19;5];[22;12;1;11];[20;14;21;13];[14;20;15;19];[12;22;13;21];[2;8;3;7];[4;16;5;15]],Y,(2*v^6+ v^8-2*v^10)+ (v^4+ 5*v^6+ 4*v^8-v^10-v^12)*z^2+ (v^4+ 3*v^6+ 3*v^8+ v^10)*z^4
,11a_318,[[6;2;7;1];[12;4;13;3];[22;8;1;7];[10;22;11;21];[18;10;19;9];[20;14;21;13];[14;20;15;19];[8;18;9;17];[16;6;17;5];[2;12;3;11];[4;16;5;15]],Y,(v^6+ 2*v^8-v^10-v^12)+ (3*v^6+ 11*v^8-2*v^10-2*v^12)*z^2+ (3*v^6+ 11*v^8+ v^10-v^12)*z^4+ (v^6+ 3*v^8+ v^10)*z^6
,11a_319,[[6;2;7;1];[16;6;17;5];[22;8;1;7];[10;20;11;19];[12;4;13;3];[4;12;5;11];[14;22;15;21];[20;14;21;13];[18;10;19;9];[8;18;9;17];[2;16;3;15]],Y,(5*v^8-4*v^10)+ (2*v^6+ 14*v^8-4*v^10-2*v^12)*z^2+ (3*v^6+ 12*v^8+ v^10-v^12)*z^4+ (v^6+ 3*v^8+ v^10)*z^6
,11a_320,[[6;2;7;1];[16;6;17;5];[22;8;1;7];[18;10;19;9];[12;4;13;3];[4;12;5;11];[14;22;15;21];[20;14;21;13];[10;18;11;17];[8;20;9;19];[2;16;3;15]],Y,(v^6+ 3*v^8-3*v^10)+ (v^4+ 4*v^6+ 7*v^8-2*v^10-v^12)*z^2+ (v^4+ 3*v^6+ 4*v^8+ v^10)*z^4
,11a_329,[[6;2;7;1];[18;6;19;5];[22;8;1;7];[14;10;15;9];[12;4;13;3];[4;12;5;11];[16;22;17;21];[20;14;21;13];[8;16;9;15];[10;20;11;19];[2;18;3;17]],Y,(v^6+ 4*v^8-5*v^10+ v^12)+ (5*v^6+ 8*v^8-4*v^10-v^12)*z^2+ (v^4+ 4*v^6+ 5*v^8+ v^10)*z^4
,11a_334,[[6;2;7;1];[14;4;15;3];[18;8;19;7];[20;10;21;9];[22;12;1;11];[8;20;9;19];[10;22;11;21];[12;18;13;17];[16;6;17;5];[2;14;3;13];[4;16;5;15]],Y,(3*v^8-2*v^12)+ (13*v^8+ 6*v^10-7*v^12)*z^2+ (16*v^8+ 11*v^10-5*v^12)*z^4+ (7*v^8+ 6*v^10-v^12)*z^6+ (v^8+ v^10)*z^8
,11a_335,[[6;2;7;1];[14;4;15;3];[18;8;19;7];[22;12;1;11];[8;22;9;21];[20;10;21;9];[10;20;11;19];[12;18;13;17];[16;6;17;5];[2;14;3;13];[4;16;5;15]],Y,(v^6+ v^8+ v^10-2*v^12)+ (4*v^6+ 8*v^8+ 2*v^10-3*v^12)*z^2+ (4*v^6+ 8*v^8+ 3*v^10-v^12)*z^4+ (v^6+ 2*v^8+ v^10)*z^6
,11a_336,[[6;2;7;1];[16;6;17;5];[18;8;19;7];[20;10;21;9];[22;12;1;11];[8;20;9;19];[10;22;11;21];[12;18;13;17];[2;16;3;15];[14;4;15;3];[4;14;5;13]],Y,(4*v^8-2*v^10-v^12)+ (3*v^6+ 11*v^8-3*v^12)*z^2+ (4*v^6+ 9*v^8+ 3*v^10-v^12)*z^4+ (v^6+ 2*v^8+ v^10)*z^6
,11a_337,[[6;2;7;1];[16;6;17;5];[18;8;19;7];[22;12;1;11];[8;22;9;21];[20;10;21;9];[10;20;11;19];[12;18;13;17];[2;16;3;15];[14;4;15;3];[4;14;5;13]],Y,(v^6+ 2*v^8-v^10-v^12)+ (v^4+ 5*v^6+ 5*v^8-v^12)*z^2+ (v^4+ 3*v^6+ 3*v^8+ v^10)*z^4
,11a_338,[[6;2;7;1];[14;4;15;3];[20;8;21;7];[22;10;1;9];[8;22;9;21];[12;20;13;19];[18;12;19;11];[10;18;11;17];[16;6;17;5];[2;14;3;13];[4;16;5;15]],Y,(4*v^8-2*v^10-v^12)+ (16*v^8-v^10-4*v^12)*z^2+ (17*v^8+ 6*v^10-4*v^12)*z^4+ (7*v^8+ 5*v^10-v^12)*z^6+ (v^8+ v^10)*z^8
,11a_339,[[6;2;7;1];[14;4;15;3];[20;8;21;7];[22;10;1;9];[8;22;9;21];[18;12;19;11];[12;18;13;17];[10;20;11;19];[16;6;17;5];[2;14;3;13];[4;16;5;15]],Y,(2*v^6-v^8+ 2*v^10-2*v^12)+ (7*v^6+ v^8+ 5*v^10-3*v^12)*z^2+ (5*v^6+ 3*v^8+ 4*v^10-v^12)*z^4+ (v^6+ v^8+ v^10)*z^6
,11a_340,[[6;2;7;1];[16;6;17;5];[20;8;21;7];[22;10;1;9];[8;22;9;21];[12;20;13;19];[18;12;19;11];[10;18;11;17];[2;16;3;15];[14;4;15;3];[4;14;5;13]],Y,(5*v^8-4*v^10)+ (4*v^6+ 10*v^8-2*v^10-2*v^12)*z^2+ (4*v^6+ 8*v^8+ 2*v^10-v^12)*z^4+ (v^6+ 2*v^8+ v^10)*z^6
,11a_341,[[6;2;7;1];[16;6;17;5];[20;8;21;7];[22;10;1;9];[8;22;9;21];[18;12;19;11];[12;18;13;17];[10;20;11;19];[2;16;3;15];[14;4;15;3];[4;14;5;13]],Y,(2*v^6-v^12)+ (2*v^4+ 4*v^6+ 3*v^8+ v^10-v^12)*z^2+ (v^4+ 2*v^6+ 2*v^8+ v^10)*z^4
,11a_342,[[6;2;7;1];[14;4;15;3];[22;8;1;7];[20;10;21;9];[18;12;19;11];[12;18;13;17];[10;20;11;19];[8;22;9;21];[16;6;17;5];[2;14;3;13];[4;16;5;15]],Y,(v^4+ 2*v^10-2*v^12)+ (3*v^4+ 2*v^6+ 2*v^8+ 3*v^10-v^12)*z^2+ (v^4+ v^6+ v^8+ v^10)*z^4
,11a_343,[[6;2;7;1];[16;6;17;5];[22;8;1;7];[20;10;21;9];[18;12;19;11];[12;18;13;17];[10;20;11;19];[8;22;9;21];[2;16;3;15];[14;4;15;3];[4;14;5;13]],Y,(v^4+ v^8-v^12)+ (v^2+ 2*v^4+ 2*v^6+ 2*v^8+ v^10)*z^2
,11a_353,[[8;2;9;1];[16;6;17;5];[22;10;1;9];[10;20;11;19];[12;4;13;3];[4;12;5;11];[14;22;15;21];[20;14;21;13];[18;8;19;7];[2;16;3;15];[6;18;7;17]],Y,(4*v^8-2*v^10-v^12)+ (2*v^6+ 14*v^8-3*v^10-2*v^12)*z^2+ (3*v^6+ 12*v^8+ v^10-v^12)*z^4+ (v^6+ 3*v^8+ v^10)*z^6
,11a_354,[[8;2;9;1];[12;4;13;3];[18;12;19;11];[10;20;11;19];[20;8;21;7];[22;14;1;13];[14;22;15;21];[2;10;3;9];[4;18;5;17];[16;6;17;5];[6;16;7;15]],Y,(5*v^8-4*v^10)+ (v^4+ 4*v^6+ 8*v^8-2*v^10-v^12)*z^2+ (v^4+ 3*v^6+ 4*v^8+ v^10)*z^4
,11a_355,[[8;2;9;1];[14;4;15;3];[20;10;21;9];[22;12;1;11];[10;22;11;21];[12;20;13;19];[16;6;17;5];[18;8;19;7];[2;14;3;13];[4;16;5;15];[6;18;7;17]],Y,(2*v^8+ 2*v^10-3*v^12)+ (13*v^8+ 7*v^10-7*v^12)*z^2+ (16*v^8+ 11*v^10-5*v^12)*z^4+ (7*v^8+ 6*v^10-v^12)*z^6+ (v^8+ v^10)*z^8
,11a_356,[[8;2;9;1];[14;4;15;3];[20;10;21;9];[22;12;1;11];[10;22;11;21];[12;20;13;19];[18;8;19;7];[2;14;3;13];[4;18;5;17];[16;6;17;5];[6;16;7;15]],Y,(3*v^8-2*v^12)+ (4*v^6+ 9*v^8+ 2*v^10-3*v^12)*z^2+ (4*v^6+ 8*v^8+ 3*v^10-v^12)*z^4+ (v^6+ 2*v^8+ v^10)*z^6
,11a_357,[[8;2;9;1];[18;8;19;7];[20;10;21;9];[22;12;1;11];[10;22;11;21];[12;20;13;19];[2;18;3;17];[16;6;17;5];[14;4;15;3];[4;16;5;15];[6;14;7;13]],Y,(4*v^8-2*v^10-v^12)+ (4*v^6+ 10*v^8-v^10-2*v^12)*z^2+ (4*v^6+ 8*v^8+ 2*v^10-v^12)*z^4+ (v^6+ 2*v^8+ v^10)*z^6
,11a_358,[[8;2;9;1];[14;4;15;3];[22;10;1;9];[20;12;21;11];[12;20;13;19];[10;22;11;21];[16;6;17;5];[18;8;19;7];[2;14;3;13];[4;16;5;15];[6;18;7;17]],Y,(v^6+ 3*v^10-3*v^12)+ (6*v^6+ 3*v^8+ 7*v^10-4*v^12)*z^2+ (5*v^6+ 4*v^8+ 5*v^10-v^12)*z^4+ (v^6+ v^8+ v^10)*z^6
,11a_359,[[8;2;9;1];[14;4;15;3];[22;10;1;9];[20;12;21;11];[12;20;13;19];[10;22;11;21];[18;8;19;7];[2;14;3;13];[4;18;5;17];[16;6;17;5];[6;16;7;15]],Y,(v^6+ v^8+ v^10-2*v^12)+ (2*v^4+ 4*v^6+ 4*v^8+ 2*v^10-v^12)*z^2+ (v^4+ 2*v^6+ 2*v^8+ v^10)*z^4
,11a_360,[[8;2;9;1];[18;8;19;7];[22;10;1;9];[20;12;21;11];[12;20;13;19];[10;22;11;21];[2;18;3;17];[16;6;17;5];[14;4;15;3];[4;16;5;15];[6;14;7;13]],Y,(v^6+ 2*v^8-v^10-v^12)+ (2*v^4+ 4*v^6+ 4*v^8+ v^10-v^12)*z^2+ (v^4+ 2*v^6+ 2*v^8+ v^10)*z^4
,11a_361,[[8;2;9;1];[16;8;17;7];[18;6;19;5];[20;10;21;9];[22;12;1;11];[10;22;11;21];[6;18;7;17];[12;20;13;19];[2;16;3;15];[14;4;15;3];[4;14;5;13]],Y,(4*v^8-2*v^10-v^12)+ (2*v^4+ 3*v^6+ 7*v^8-v^12)*z^2+ (v^4+ 2*v^6+ 3*v^8+ v^10)*z^4
,11a_362,[[8;2;9;1];[16;8;17;7];[18;6;19;5];[22;10;1;9];[20;12;21;11];[6;18;7;17];[12;20;13;19];[10;22;11;21];[2;16;3;15];[14;4;15;3];[4;14;5;13]],Y,(v^6+ 2*v^8-v^10-v^12)+ (v^2+ 2*v^4+ 3*v^6+ 3*v^8+ v^10)*z^2
,11a_363,[[8;2;9;1];[18;8;19;7];[22;10;1;9];[20;12;21;11];[12;20;13;19];[10;22;11;21];[2;18;3;17];[16;4;17;3];[14;6;15;5];[6;14;7;13];[4;16;5;15]],Y,(2*v^6-v^12)+ (v^2+ 2*v^4+ 3*v^6+ 2*v^8+ v^10)*z^2
,11a_364,[[10;2;11;1];[14;4;15;3];[22;12;1;11];[12;22;13;21];[16;6;17;5];[18;8;19;7];[20;10;21;9];[2;14;3;13];[4;16;5;15];[6;18;7;17];[8;20;9;19]],Y,(v^8+ 4*v^10-4*v^12)+ (10*v^8+ 14*v^10-10*v^12)*z^2+ (15*v^8+ 16*v^10-6*v^12)*z^4+ (7*v^8+ 7*v^10-v^12)*z^6+ (v^8+ v^10)*z^8
,11a_365,[[10;2;11;1];[14;4;15;3];[22;12;1;11];[12;22;13;21];[16;6;17;5];[20;10;21;9];[2;14;3;13];[4;16;5;15];[6;20;7;19];[18;8;19;7];[8;18;9;17]],Y,(2*v^8+ 2*v^10-3*v^12)+ (3*v^6+ 10*v^8+ 4*v^10-4*v^12)*z^2+ (4*v^6+ 9*v^8+ 4*v^10-v^12)*z^4+ (v^6+ 2*v^8+ v^10)*z^6
,11a_366,[[10;2;11;1];[16;6;17;5];[22;12;1;11];[12;22;13;21];[20;10;21;9];[2;16;3;15];[14;4;15;3];[4;14;5;13];[6;20;7;19];[18;8;19;7];[8;18;9;17]],Y,(3*v^8-2*v^12)+ (v^4+ 5*v^6+ 6*v^8+ v^10-v^12)*z^2+ (v^4+ 3*v^6+ 3*v^8+ v^10)*z^4
,11a_367,[[12;2;13;1];[14;4;15;3];[16;6;17;5];[18;8;19;7];[20;10;21;9];[22;12;1;11];[2;14;3;13];[4;16;5;15];[6;18;7;17];[8;20;9;19];[10;22;11;21]],Y,(6*v^10-5*v^12)+ (35*v^10-20*v^12)*z^2+ (56*v^10-21*v^12)*z^4+ (36*v^10-8*v^12)*z^6+ (10*v^10-v^12)*z^8+ v^10*z^10
,11n_77,[[4;2;5;1];[8;4;9;3];[11;17;12;16];[5;15;6;14];[15;7;16;6];[22;20;1;19];[20;10;21;9];[10;22;11;21];[13;19;14;18];[17;13;18;12];[2;8;3;7]],Y,(9*v^8-13*v^10+ 6*v^12-v^14)+ (23*v^8-20*v^10+ 4*v^12)*z^2+ (21*v^8-9*v^10)*z^4+ (8*v^8-v^10)*z^6+ v^8*z^8
,11n_93,[[4;2;5;1];[10;4;11;3];[11;21;12;20];[7;13;8;12];[19;9;20;8];[18;14;19;13];[14;6;15;5];[6;18;7;17];[22;16;1;15];[16;22;17;21];[2;10;3;9]],Y,(v^6+ 4*v^8-5*v^10+ v^12)+ (4*v^6+ 11*v^8-7*v^10)*z^2+ (4*v^6+ 9*v^8-2*v^10)*z^4+ (v^6+ 2*v^8)*z^6
,11n_126,[[4;2;5;1];[10;4;11;3];[11;17;12;16];[7;13;8;12];[15;9;16;8];[13;21;14;20];[21;7;22;6];[5;19;6;18];[19;15;20;14];[17;1;18;22];[2;10;3;9]],Y,(v^6+ 5*v^8-7*v^10+ 2*v^12)+ (3*v^6+ 13*v^8-9*v^10)*z^2+ (4*v^6+ 10*v^8-2*v^10)*z^4+ (v^6+ 2*v^8)*z^6
,11n_136,[[4;2;5;1];[12;4;13;3];[14;8;15;7];[18;10;19;9];[20;18;21;17];[21;7;22;6];[5;17;6;16];[10;20;11;19];[8;14;9;13];[15;1;16;22];[2;12;3;11]],Y,(2*v^6+ v^8-2*v^10)+ (5*v^6+ 8*v^8-5*v^10)*z^2+ (4*v^6+ 8*v^8-2*v^10)*z^4+ (v^6+ 2*v^8)*z^6
,11n_169,[[6;2;7;1];[12;8;13;7];[5;17;6;16];[3;11;4;10];[11;3;12;2];[17;5;18;4];[19;9;20;8];[9;19;10;18];[20;14;21;13];[22;16;1;15];[14;22;15;21]],Y,(6*v^8-6*v^10+ v^12)+ (3*v^6+ 14*v^8-8*v^10)*z^2+ (4*v^6+ 10*v^8-2*v^10)*z^4+ (v^6+ 2*v^8)*z^6
,11n_171,[[6;2;7;1];[12;8;13;7];[5;17;6;16];[3;11;4;10];[11;3;12;2];[17;5;18;4];[19;9;20;8];[9;19;10;18];[20;16;21;15];[22;14;1;13];[14;22;15;21]],Y,(2*v^6+ v^8-2*v^10)+ (v^4+ 6*v^6+ 3*v^8-2*v^10)*z^2+ (v^4+ 3*v^6+ 2*v^8)*z^4
,11n_180,[[6;2;7;1];[14;8;15;7];[5;17;6;16];[3;13;4;12];[13;3;14;2];[17;5;18;4];[21;9;22;8];[11;21;12;20];[9;19;10;18];[19;11;20;10];[22;16;1;15]],Y,(5*v^8-4*v^10)+ (4*v^6+ 12*v^8-6*v^10)*z^2+ (4*v^6+ 9*v^8-2*v^10)*z^4+ (v^6+ 2*v^8)*z^6
,11n_181,[[6;2;7;1];[14;8;15;7];[5;17;6;16];[3;13;4;12];[13;3;14;2];[17;5;18;4];[21;9;22;8];[9;21;10;20];[11;19;12;18];[19;11;20;10];[22;16;1;15]],Y,(v^6+ 3*v^8-3*v^10)+ (2*v^4+ 4*v^6+ 5*v^8-2*v^10)*z^2+ (v^4+ 2*v^6+ 2*v^8)*z^4
,11n_183,[[6;2;7;1];[10;6;11;5];[3;15;4;14];[22;11;1;12];[16;22;17;21];[20;14;21;13];[7;19;8;18];[19;9;20;8];[15;5;16;4];[12;18;13;17];[2;10;3;9]],Y,(2*v^6+ 2*v^8-4*v^10+ v^12)+ (8*v^6+ 2*v^8-3*v^10)*z^2+ (6*v^6+ v^8)*z^4+ v^6*z^6
,12a_43,[[1;5;2;4];[3;9;4;8];[5;13;6;12];[7;3;8;2];[9;17;10;16];[11;7;12;6];[13;19;14;18];[15;23;16;22];[17;11;18;10];[19;1;20;24];[21;15;22;14];[23;21;24;20]],Y,(v^6+ 4*v^8-4*v^10-v^12+ v^14)+ (3*v^6+ 11*v^8-3*v^10-5*v^12+ v^14)*z^2+ (3*v^6+ 10*v^8+ 3*v^10-3*v^12)*z^4+ (v^6+ 3*v^8+ 2*v^10)*z^6
,12a_52,[[1;5;2;4];[3;9;4;8];[5;13;6;12];[7;3;8;2];[9;19;10;18];[11;7;12;6];[13;21;14;20];[15;23;16;22];[17;1;18;24];[19;11;20;10];[21;15;22;14];[23;17;24;16]],Y,(3*v^8+ 3*v^10-8*v^12+ 3*v^14)+ (10*v^8+ 16*v^10-21*v^12+ 4*v^14)*z^2+ (12*v^8+ 23*v^10-15*v^12+ v^14)*z^4+ (6*v^8+ 12*v^10-3*v^12)*z^6+ (v^8+ 2*v^10)*z^8
,12a_53,[[1;5;2;4];[3;9;4;8];[5;13;6;12];[7;3;8;2];[9;19;10;18];[11;7;12;6];[13;21;14;20];[15;23;16;22];[17;1;18;24];[19;11;20;10];[21;17;22;16];[23;15;24;14]],Y,(v^6+ 2*v^8+ v^10-5*v^12+ 2*v^14)+ (3*v^6+ 9*v^8+ 3*v^10-8*v^12+ v^14)*z^2+ (3*v^6+ 10*v^8+ 5*v^10-3*v^12)*z^4+ (v^6+ 3*v^8+ 2*v^10)*z^6
,12a_55,[[1;5;2;4];[3;9;4;8];[5;13;6;12];[7;3;8;2];[9;19;10;18];[11;7;12;6];[13;23;14;22];[15;1;16;24];[17;21;18;20];[19;11;20;10];[21;17;22;16];[23;15;24;14]],Y,(2*v^6+ v^8-v^10-2*v^12+ v^14)+ (5*v^6+ 5*v^8+ 2*v^10-6*v^12+ v^14)*z^2+ (4*v^6+ 6*v^8+ 5*v^10-3*v^12)*z^4+ (v^6+ 2*v^8+ 2*v^10)*z^6
,12a_56,[[1;5;2;4];[3;9;4;8];[5;13;6;12];[7;3;8;2];[9;19;10;18];[11;7;12;6];[13;1;14;24];[15;23;16;22];[17;21;18;20];[19;11;20;10];[21;17;22;16];[23;15;24;14]],Y,(v^4+ v^6-v^8+ 2*v^10-3*v^12+ v^14)+ (2*v^4+ 3*v^6+ v^8+ 3*v^10-3*v^12)*z^2+ (v^4+ 2*v^6+ 2*v^8+ 2*v^10)*z^4
,12a_82,[[1;5;2;4];[3;9;4;8];[5;15;6;14];[7;3;8;2];[9;17;10;16];[11;21;12;20];[13;7;14;6];[15;1;16;24];[17;11;18;10];[19;23;20;22];[21;13;22;12];[23;19;24;18]],Y,(v^6+ 3*v^8-2*v^10-2*v^12+ v^14)+ (3*v^6+ 10*v^8-6*v^12+ v^14)*z^2+ (3*v^6+ 10*v^8+ 4*v^10-3*v^12)*z^4+ (v^6+ 3*v^8+ 2*v^10)*z^6
,12a_93,[[1;5;2;4];[3;9;4;8];[5;15;6;14];[7;3;8;2];[9;19;10;18];[11;21;12;20];[13;7;14;6];[15;23;16;22];[17;1;18;24];[19;11;20;10];[21;13;22;12];[23;17;24;16]],Y,(2*v^8+ 5*v^10-9*v^12+ 3*v^14)+ (9*v^8+ 19*v^10-22*v^12+ 4*v^14)*z^2+ (12*v^8+ 24*v^10-15*v^12+ v^14)*z^4+ (6*v^8+ 12*v^10-3*v^12)*z^6+ (v^8+ 2*v^10)*z^8
,12a_94,[[1;5;2;4];[3;9;4;8];[5;15;6;14];[7;3;8;2];[9;19;10;18];[11;21;12;20];[13;7;14;6];[15;23;16;22];[17;1;18;24];[19;13;20;12];[21;11;22;10];[23;17;24;16]],Y,(4*v^8-5*v^12+ 2*v^14)+ (2*v^6+ 12*v^8+ 2*v^10-8*v^12+ v^14)*z^2+ (3*v^6+ 11*v^8+ 5*v^10-3*v^12)*z^4+ (v^6+ 3*v^8+ 2*v^10)*z^6
,12a_96,[[1;5;2;4];[3;9;4;8];[5;15;6;14];[7;3;8;2];[9;19;10;18];[11;21;12;20];[13;7;14;6];[15;1;16;24];[17;23;18;22];[19;11;20;10];[21;13;22;12];[23;17;24;16]],Y,(v^6+ v^8+ 3*v^10-6*v^12+ 2*v^14)+ (4*v^6+ 6*v^8+ 7*v^10-9*v^12+ v^14)*z^2+ (4*v^6+ 7*v^8+ 7*v^10-3*v^12)*z^4+ (v^6+ 2*v^8+ 2*v^10)*z^6
,12a_97,[[1;5;2;4];[3;9;4;8];[5;15;6;14];[7;3;8;2];[9;19;10;18];[11;21;12;20];[13;7;14;6];[15;1;16;24];[17;23;18;22];[19;13;20;12];[21;11;22;10];[23;17;24;16]],Y,(v^6+ 3*v^8-2*v^10-2*v^12+ v^14)+ (v^4+ 4*v^6+ 6*v^8-3*v^12)*z^2+ (v^4+ 3*v^6+ 4*v^8+ 2*v^10)*z^4
,12a_102,[[1;5;2;4];[3;9;4;8];[5;15;6;14];[7;3;8;2];[9;19;10;18];[11;23;12;22];[13;7;14;6];[15;21;16;20];[17;1;18;24];[19;13;20;12];[21;17;22;16];[23;11;24;10]],Y,(6*v^8-5*v^10-v^12+ v^14)+ (v^6+ 16*v^8-5*v^10-5*v^12+ v^14)*z^2+ (2*v^6+ 14*v^8+ 2*v^10-3*v^12)*z^4+ (v^6+ 4*v^8+ 2*v^10)*z^6
,12a_107,[[1;5;2;4];[3;9;4;8];[5;15;6;14];[7;3;8;2];[9;21;10;20];[11;17;12;16];[13;7;14;6];[15;23;16;22];[17;11;18;10];[19;1;20;24];[21;13;22;12];[23;19;24;18]],Y,(6*v^8-5*v^10-v^12+ v^14)+ (v^6+ 16*v^8-5*v^10-5*v^12+ v^14)*z^2+ (2*v^6+ 14*v^8+ 2*v^10-3*v^12)*z^4+ (v^6+ 4*v^8+ 2*v^10)*z^6
,12a_143,[[1;5;2;4];[3;9;4;8];[5;17;6;16];[7;3;8;2];[9;19;10;18];[11;21;12;20];[13;23;14;22];[15;7;16;6];[17;1;18;24];[19;11;20;10];[21;13;22;12];[23;15;24;14]],Y,(v^8+ 7*v^10-10*v^12+ 3*v^14)+ (7*v^8+ 24*v^10-24*v^12+ 4*v^14)*z^2+ (11*v^8+ 28*v^10-16*v^12+ v^14)*z^4+ (6*v^8+ 13*v^10-3*v^12)*z^6+ (v^8+ 2*v^10)*z^8
,12a_144,[[1;5;2;4];[3;9;4;8];[5;17;6;16];[7;3;8;2];[9;19;10;18];[11;21;12;20];[13;23;14;22];[15;7;16;6];[17;1;18;24];[19;11;20;10];[21;15;22;14];[23;13;24;12]],Y,(3*v^8+ 2*v^10-6*v^12+ 2*v^14)+ (2*v^6+ 11*v^8+ 5*v^10-9*v^12+ v^14)*z^2+ (3*v^6+ 11*v^8+ 6*v^10-3*v^12)*z^4+ (v^6+ 3*v^8+ 2*v^10)*z^6
,12a_145,[[1;5;2;4];[3;9;4;8];[5;17;6;16];[7;3;8;2];[9;19;10;18];[11;21;12;20];[13;23;14;22];[15;7;16;6];[17;1;18;24];[19;15;20;14];[21;13;22;12];[23;11;24;10]],Y,(5*v^8-3*v^10-2*v^12+ v^14)+ (2*v^6+ 13*v^8-v^10-6*v^12+ v^14)*z^2+ (3*v^6+ 11*v^8+ 4*v^10-3*v^12)*z^4+ (v^6+ 3*v^8+ 2*v^10)*z^6
,12a_152,[[1;5;2;4];[3;9;4;8];[5;17;6;16];[7;3;8;2];[9;19;10;18];[11;23;12;22];[13;21;14;20];[15;7;16;6];[17;1;18;24];[19;15;20;14];[21;13;22;12];[23;11;24;10]],Y,(2*v^6+ v^10-3*v^12+ v^14)+ (v^4+ 5*v^6+ 3*v^8+ 2*v^10-3*v^12)*z^2+ (v^4+ 3*v^6+ 3*v^8+ 2*v^10)*z^4
,12a_156,[[1;5;2;4];[3;9;4;8];[5;17;6;16];[7;3;8;2];[9;21;10;20];[11;19;12;18];[13;23;14;22];[15;7;16;6];[17;1;18;24];[19;11;20;10];[21;15;22;14];[23;13;24;12]],Y,(5*v^8-3*v^10-2*v^12+ v^14)+ (v^4+ 3*v^6+ 9*v^8-v^10-3*v^12)*z^2+ (v^4+ 3*v^6+ 5*v^8+ 2*v^10)*z^4
,12a_276,[[1;5;2;4];[3;11;4;10];[5;15;6;14];[7;17;8;16];[9;3;10;2];[11;21;12;20];[13;9;14;8];[15;7;16;6];[17;23;18;22];[19;1;20;24];[21;13;22;12];[23;19;24;18]],Y,(4*v^8-5*v^12+ 2*v^14)+ (12*v^8+ 10*v^10-16*v^12+ 3*v^14)*z^2+ (13*v^8+ 19*v^10-13*v^12+ v^14)*z^4+ (6*v^8+ 11*v^10-3*v^12)*z^6+ (v^8+ 2*v^10)*z^8
,12a_277,[[1;5;2;4];[3;11;4;10];[5;15;6;14];[7;17;8;16];[9;3;10;2];[11;21;12;20];[13;9;14;8];[15;7;16;6];[17;1;18;24];[19;23;20;22];[21;13;22;12];[23;19;24;18]],Y,(2*v^6+ v^10-3*v^12+ v^14)+ (5*v^6+ 4*v^8+ 5*v^10-7*v^12+ v^14)*z^2+ (4*v^6+ 6*v^8+ 6*v^10-3*v^12)*z^4+ (v^6+ 2*v^8+ 2*v^10)*z^6
,12a_293,[[1;5;2;4];[3;11;4;10];[5;15;6;14];[7;19;8;18];[9;3;10;2];[11;21;12;20];[13;9;14;8];[15;1;16;24];[17;7;18;6];[19;23;20;22];[21;13;22;12];[23;17;24;16]],Y,(v^6+ 2*v^8-3*v^12+ v^14)+ (3*v^6+ 8*v^8+ 5*v^10-8*v^12+ v^14)*z^2+ (3*v^6+ 9*v^8+ 8*v^10-4*v^12)*z^4+ (v^6+ 3*v^8+ 3*v^10)*z^6
,12a_295,[[1;5;2;4];[3;11;4;10];[5;15;6;14];[7;19;8;18];[9;3;10;2];[11;23;12;22];[13;9;14;8];[15;21;16;20];[17;7;18;6];[19;17;20;16];[21;1;22;24];[23;13;24;12]],Y,(v^6+ 4*v^8-5*v^10+ v^12)+ (3*v^6+ 11*v^8-3*v^10-4*v^12+ v^14)*z^2+ (3*v^6+ 10*v^8+ 3*v^10-3*v^12)*z^4+ (v^6+ 3*v^8+ 2*v^10)*z^6
,12a_319,[[1;5;2;4];[3;11;4;10];[5;15;6;14];[7;21;8;20];[9;3;10;2];[11;19;12;18];[13;7;14;6];[15;23;16;22];[17;1;18;24];[19;9;20;8];[21;13;22;12];[23;17;24;16]],Y,(3*v^8+ 2*v^10-6*v^12+ 2*v^14)+ (2*v^6+ 9*v^8+ 9*v^10-11*v^12+ v^14)*z^2+ (3*v^6+ 10*v^8+ 10*v^10-4*v^12)*z^4+ (v^6+ 3*v^8+ 3*v^10)*z^6
,12a_320,[[1;5;2;4];[3;11;4;10];[5;15;6;14];[7;21;8;20];[9;3;10;2];[11;19;12;18];[13;7;14;6];[15;1;16;24];[17;23;18;22];[19;9;20;8];[21;13;22;12];[23;17;24;16]],Y,(v^6+ 2*v^8-3*v^12+ v^14)+ (v^4+ 3*v^6+ 7*v^8+ 2*v^10-4*v^12)*z^2+ (v^4+ 3*v^6+ 5*v^8+ 3*v^10)*z^4
,12a_344,[[1;5;2;4];[3;11;4;10];[5;17;6;16];[7;13;8;12];[9;3;10;2];[11;9;12;8];[13;21;14;20];[15;7;16;6];[17;23;18;22];[19;1;20;24];[21;15;22;14];[23;19;24;18]],Y,(2*v^6+ 2*v^10-5*v^12+ 2*v^14)+ (5*v^6+ 4*v^8+ 5*v^10-8*v^12+ v^14)*z^2+ (4*v^6+ 6*v^8+ 6*v^10-3*v^12)*z^4+ (v^6+ 2*v^8+ 2*v^10)*z^6
,12a_345,[[1;5;2;4];[3;11;4;10];[5;17;6;16];[7;13;8;12];[9;3;10;2];[11;9;12;8];[13;21;14;20];[15;7;16;6];[17;1;18;24];[19;23;20;22];[21;15;22;14];[23;19;24;18]],Y,(v^4+ 2*v^8-v^10-2*v^12+ v^14)+ (2*v^4+ 2*v^6+ 4*v^8+ v^10-3*v^12)*z^2+ (v^4+ 2*v^6+ 3*v^8+ 2*v^10)*z^4
,12a_355,[[1;5;2;4];[3;11;4;10];[5;17;6;16];[7;15;8;14];[9;3;10;2];[11;21;12;20];[13;9;14;8];[15;7;16;6];[17;23;18;22];[19;1;20;24];[21;13;22;12];[23;19;24;18]],Y,(2*v^6-v^8+ 4*v^10-6*v^12+ 2*v^14)+ (5*v^6+ 3*v^8+ 8*v^10-9*v^12+ v^14)*z^2+ (4*v^6+ 6*v^8+ 7*v^10-3*v^12)*z^4+ (v^6+ 2*v^8+ 2*v^10)*z^6
,12a_356,[[1;5;2;4];[3;11;4;10];[5;17;6;16];[7;15;8;14];[9;3;10;2];[11;21;12;20];[13;9;14;8];[15;7;16;6];[17;1;18;24];[19;23;20;22];[21;13;22;12];[23;19;24;18]],Y,(v^4+ v^8+ v^10-3*v^12+ v^14)+ (2*v^4+ 2*v^6+ 4*v^8+ 2*v^10-3*v^12)*z^2+ (v^4+ 2*v^6+ 3*v^8+ 2*v^10)*z^4
,12a_367,[[1;5;2;4];[3;11;4;10];[5;17;6;16];[7;19;8;18];[9;3;10;2];[11;21;12;20];[13;23;14;22];[15;9;16;8];[17;7;18;6];[19;1;20;24];[21;13;22;12];[23;15;24;14]],Y,(2*v^8+ 4*v^10-7*v^12+ 2*v^14)+ (9*v^8+ 18*v^10-19*v^12+ 3*v^14)*z^2+ (12*v^8+ 24*v^10-14*v^12+ v^14)*z^4+ (6*v^8+ 12*v^10-3*v^12)*z^6+ (v^8+ 2*v^10)*z^8
,12a_368,[[1;5;2;4];[3;11;4;10];[5;17;6;16];[7;19;8;18];[9;3;10;2];[11;21;12;20];[13;23;14;22];[15;9;16;8];[17;7;18;6];[19;1;20;24];[21;15;22;14];[23;13;24;12]],Y,(4*v^8-v^10-3*v^12+ v^14)+ (2*v^6+ 12*v^8+ 2*v^10-7*v^12+ v^14)*z^2+ (3*v^6+ 11*v^8+ 5*v^10-3*v^12)*z^4+ (v^6+ 3*v^8+ 2*v^10)*z^6
,12a_391,[[1;5;2;4];[3;11;4;10];[5;17;6;16];[7;21;8;20];[9;3;10;2];[11;19;12;18];[13;23;14;22];[15;7;16;6];[17;1;18;24];[19;9;20;8];[21;13;22;12];[23;15;24;14]],Y,(2*v^8+ 4*v^10-7*v^12+ 2*v^14)+ (2*v^6+ 9*v^8+ 10*v^10-11*v^12+ v^14)*z^2+ (3*v^6+ 10*v^8+ 10*v^10-4*v^12)*z^4+ (v^6+ 3*v^8+ 3*v^10)*z^6
,12a_392,[[1;5;2;4];[3;11;4;10];[5;17;6;16];[7;21;8;20];[9;3;10;2];[11;19;12;18];[13;23;14;22];[15;7;16;6];[17;1;18;24];[19;9;20;8];[21;15;22;14];[23;13;24;12]],Y,(4*v^8-v^10-3*v^12+ v^14)+ (v^4+ 3*v^6+ 8*v^8+ 2*v^10-4*v^12)*z^2+ (v^4+ 3*v^6+ 5*v^8+ 3*v^10)*z^4
,12a_420,[[1;5;2;4];[3;11;4;10];[5;19;6;18];[7;13;8;12];[9;3;10;2];[11;9;12;8];[13;21;14;20];[15;23;16;22];[17;7;18;6];[19;1;20;24];[21;15;22;14];[23;17;24;16]],Y,(v^6+ 2*v^8+ v^10-5*v^12+ 2*v^14)+ (4*v^6+ 6*v^8+ 6*v^10-9*v^12+ v^14)*z^2+ (4*v^6+ 7*v^8+ 7*v^10-3*v^12)*z^4+ (v^6+ 2*v^8+ 2*v^10)*z^6
,12a_421,[[1;5;2;4];[3;11;4;10];[5;19;6;18];[7;13;8;12];[9;3;10;2];[11;9;12;8];[13;21;14;20];[15;23;16;22];[17;7;18;6];[19;1;20;24];[21;17;22;16];[23;15;24;14]],Y,(2*v^6+ v^8-v^10-2*v^12+ v^14)+ (v^4+ 4*v^6+ 5*v^8-3*v^12)*z^2+ (v^4+ 3*v^6+ 4*v^8+ 2*v^10)*z^4
,12a_431,[[1;5;2;4];[3;11;4;10];[5;19;6;18];[7;15;8;14];[9;3;10;2];[11;21;12;20];[13;7;14;6];[15;23;16;22];[17;9;18;8];[19;1;20;24];[21;17;22;16];[23;13;24;12]],Y,(5*v^8-3*v^10-2*v^12+ v^14)+ (v^6+ 14*v^8-7*v^12+ v^14)*z^2+ (2*v^6+ 13*v^8+ 6*v^10-4*v^12)*z^4+ (v^6+ 4*v^8+ 3*v^10)*z^6
,12a_432,[[1;5;2;4];[3;11;4;10];[5;19;6;18];[7;15;8;14];[9;3;10;2];[11;21;12;20];[13;9;14;8];[15;23;16;22];[17;7;18;6];[19;1;20;24];[21;13;22;12];[23;17;24;16]],Y,(v^6+ v^8+ 3*v^10-6*v^12+ 2*v^14)+ (3*v^6+ 7*v^8+ 8*v^10-10*v^12+ v^14)*z^2+ (3*v^6+ 9*v^8+ 9*v^10-4*v^12)*z^4+ (v^6+ 3*v^8+ 3*v^10)*z^6
,12a_442,[[1;5;2;4];[3;11;4;10];[5;19;6;18];[7;17;8;16];[9;3;10;2];[11;21;12;20];[13;23;14;22];[15;9;16;8];[17;7;18;6];[19;1;20;24];[21;13;22;12];[23;15;24;14]],Y,(v^6+ 5*v^10-7*v^12+ 2*v^14)+ (4*v^6+ 5*v^8+ 10*v^10-10*v^12+ v^14)*z^2+ (4*v^6+ 7*v^8+ 8*v^10-3*v^12)*z^4+ (v^6+ 2*v^8+ 2*v^10)*z^6
,12a_443,[[1;5;2;4];[3;11;4;10];[5;19;6;18];[7;17;8;16];[9;3;10;2];[11;21;12;20];[13;23;14;22];[15;9;16;8];[17;7;18;6];[19;1;20;24];[21;15;22;14];[23;13;24;12]],Y,(v^6+ 2*v^8-3*v^12+ v^14)+ (v^4+ 4*v^6+ 6*v^8+ v^10-3*v^12)*z^2+ (v^4+ 3*v^6+ 4*v^8+ 2*v^10)*z^4
,12a_490,[[1;5;2;4];[3;11;4;10];[5;23;6;22];[7;15;8;14];[9;3;10;2];[11;19;12;18];[13;9;14;8];[15;21;16;20];[17;1;18;24];[19;13;20;12];[21;7;22;6];[23;17;24;16]],Y,(v^6+ 2*v^8+ v^10-5*v^12+ 2*v^14)+ (3*v^6+ 7*v^8+ 7*v^10-10*v^12+ v^14)*z^2+ (3*v^6+ 9*v^8+ 9*v^10-4*v^12)*z^4+ (v^6+ 3*v^8+ 3*v^10)*z^6
,12a_574,[[1;5;2;4];[3;13;4;12];[5;17;6;16];[7;19;8;18];[9;21;10;20];[11;3;12;2];[13;23;14;22];[15;11;16;10];[17;7;18;6];[19;9;20;8];[21;1;22;24];[23;15;24;14]],Y,(3*v^8+ v^10-4*v^12+ v^14)+ (10*v^8+ 15*v^10-17*v^12+ 3*v^14)*z^2+ (12*v^8+ 23*v^10-14*v^12+ v^14)*z^4+ (6*v^8+ 12*v^10-3*v^12)*z^6+ (v^8+ 2*v^10)*z^8
,12a_575,[[1;5;2;4];[3;13;4;12];[5;17;6;16];[7;19;8;18];[9;21;10;20];[11;3;12;2];[13;23;14;22];[15;11;16;10];[17;9;18;8];[19;7;20;6];[21;1;22;24];[23;15;24;14]],Y,(v^6+ v^8+ 2*v^10-4*v^12+ v^14)+ (3*v^6+ 9*v^8+ 4*v^10-7*v^12+ v^14)*z^2+ (3*v^6+ 10*v^8+ 5*v^10-3*v^12)*z^4+ (v^6+ 3*v^8+ 2*v^10)*z^6
,12a_586,[[1;5;2;4];[3;13;4;12];[5;17;6;16];[7;19;8;18];[9;23;10;22];[11;3;12;2];[13;21;14;20];[15;9;16;8];[17;7;18;6];[19;1;20;24];[21;11;22;10];[23;15;24;14]],Y,(3*v^8+ v^10-4*v^12+ v^14)+ (2*v^6+ 10*v^8+ 7*v^10-9*v^12+ v^14)*z^2+ (3*v^6+ 10*v^8+ 9*v^10-4*v^12)*z^4+ (v^6+ 3*v^8+ 3*v^10)*z^6
,12a_610,[[1;5;2;4];[3;13;4;12];[5;17;6;16];[7;23;8;22];[9;21;10;20];[11;3;12;2];[13;19;14;18];[15;7;16;6];[17;1;18;24];[19;11;20;10];[21;9;22;8];[23;15;24;14]],Y,(v^6+ v^8+ 2*v^10-4*v^12+ v^14)+ (v^4+ 4*v^6+ 5*v^8+ 4*v^10-4*v^12)*z^2+ (v^4+ 3*v^6+ 4*v^8+ 3*v^10)*z^4
,12a_615,[[1;5;2;4];[3;13;4;12];[5;17;6;16];[7;1;8;24];[9;21;10;20];[11;3;12;2];[13;9;14;8];[15;19;16;18];[17;7;18;6];[19;23;20;22];[21;11;22;10];[23;15;24;14]],Y,(v^6+ 3*v^8-3*v^10)+ (3*v^6+ 9*v^8+ 2*v^10-6*v^12+ v^14)*z^2+ (3*v^6+ 9*v^8+ 7*v^10-4*v^12)*z^4+ (v^6+ 3*v^8+ 3*v^10)*z^6
,12a_647,[[1;5;2;4];[3;13;4;12];[5;19;6;18];[7;21;8;20];[9;17;10;16];[11;3;12;2];[13;23;14;22];[15;9;16;8];[17;11;18;10];[19;7;20;6];[21;1;22;24];[23;15;24;14]],Y,(4*v^8-v^10-3*v^12+ v^14)+ (12*v^8+ 10*v^10-15*v^12+ 3*v^14)*z^2+ (13*v^8+ 19*v^10-13*v^12+ v^14)*z^4+ (6*v^8+ 11*v^10-3*v^12)*z^6+ (v^8+ 2*v^10)*z^8
,12a_648,[[1;5;2;4];[3;13;4;12];[5;19;6;18];[7;21;8;20];[9;17;10;16];[11;3;12;2];[13;23;14;22];[15;11;16;10];[17;9;18;8];[19;7;20;6];[21;1;22;24];[23;15;24;14]],Y,(2*v^6-v^8+ 3*v^10-4*v^12+ v^14)+ (5*v^6+ 4*v^8+ 6*v^10-7*v^12+ v^14)*z^2+ (4*v^6+ 6*v^8+ 6*v^10-3*v^12)*z^4+ (v^6+ 2*v^8+ 2*v^10)*z^6
,12a_653,[[1;5;2;4];[3;13;4;12];[5;19;6;18];[7;23;8;22];[9;15;10;14];[11;3;12;2];[13;11;14;10];[15;21;16;20];[17;7;18;6];[19;1;20;24];[21;9;22;8];[23;17;24;16]],Y,(2*v^6+ v^10-3*v^12+ v^14)+ (v^4+ 4*v^6+ 4*v^8+ 3*v^10-4*v^12)*z^2+ (v^4+ 3*v^6+ 4*v^8+ 3*v^10)*z^4
,12a_659,[[1;5;2;4];[3;13;4;12];[5;19;6;18];[7;23;8;22];[9;17;10;16];[11;3;12;2];[13;21;14;20];[15;7;16;6];[17;11;18;10];[19;1;20;24];[21;9;22;8];[23;15;24;14]],Y,(4*v^8-v^10-3*v^12+ v^14)+ (v^6+ 13*v^8+ 3*v^10-8*v^12+ v^14)*z^2+ (2*v^6+ 13*v^8+ 7*v^10-4*v^12)*z^4+ (v^6+ 4*v^8+ 3*v^10)*z^6
,12a_679,[[1;5;2;4];[3;13;4;12];[5;21;6;20];[7;19;8;18];[9;17;10;16];[11;3;12;2];[13;23;14;22];[15;11;16;10];[17;9;18;8];[19;7;20;6];[21;1;22;24];[23;15;24;14]],Y,(v^4+ 3*v^10-4*v^12+ v^14)+ (2*v^4+ 3*v^6+ 2*v^8+ 4*v^10-3*v^12)*z^2+ (v^4+ 2*v^6+ 2*v^8+ 2*v^10)*z^4
,12a_811,[[1;7;2;6];[3;9;4;8];[5;13;6;12];[7;3;8;2];[9;17;10;16];[11;5;12;4];[13;21;14;20];[15;11;16;10];[17;23;18;22];[19;1;20;24];[21;15;22;14];[23;19;24;18]],Y,(4*v^8+ v^10-7*v^12+ 3*v^14)+ (12*v^8+ 11*v^10-19*v^12+ 4*v^14)*z^2+ (13*v^8+ 19*v^10-14*v^12+ v^14)*z^4+ (6*v^8+ 11*v^10-3*v^12)*z^6+ (v^8+ 2*v^10)*z^8
,12a_813,[[1;7;2;6];[3;9;4;8];[5;13;6;12];[7;3;8;2];[9;19;10;18];[11;5;12;4];[13;21;14;20];[15;23;16;22];[17;11;18;10];[19;1;20;24];[21;15;22;14];[23;17;24;16]],Y,(2*v^8+ 6*v^10-11*v^12+ 4*v^14)+ (9*v^8+ 19*v^10-23*v^12+ 4*v^14)*z^2+ (12*v^8+ 24*v^10-15*v^12+ v^14)*z^4+ (6*v^8+ 12*v^10-3*v^12)*z^6+ (v^8+ 2*v^10)*z^8
,12a_814,[[1;7;2;6];[3;9;4;8];[5;13;6;12];[7;3;8;2];[9;19;10;18];[11;5;12;4];[13;21;14;20];[15;23;16;22];[17;11;18;10];[19;1;20;24];[21;17;22;16];[23;15;24;14]],Y,(5*v^8-2*v^10-4*v^12+ 2*v^14)+ (2*v^6+ 12*v^8+ v^10-8*v^12+ v^14)*z^2+ (3*v^6+ 11*v^8+ 5*v^10-3*v^12)*z^4+ (v^6+ 3*v^8+ 2*v^10)*z^6
,12a_817,[[1;7;2;6];[3;9;4;8];[5;13;6;12];[7;3;8;2];[9;23;10;22];[11;5;12;4];[13;19;14;18];[15;21;16;20];[17;1;18;24];[19;15;20;14];[21;11;22;10];[23;17;24;16]],Y,(4*v^8+ v^10-7*v^12+ 3*v^14)+ (12*v^8+ 11*v^10-19*v^12+ 4*v^14)*z^2+ (13*v^8+ 19*v^10-14*v^12+ v^14)*z^4+ (6*v^8+ 11*v^10-3*v^12)*z^6+ (v^8+ 2*v^10)*z^8
,12a_828,[[1;7;2;6];[3;9;4;8];[5;15;6;14];[7;3;8;2];[9;19;10;18];[11;23;12;22];[13;5;14;4];[15;21;16;20];[17;11;18;10];[19;1;20;24];[21;13;22;12];[23;17;24;16]],Y,(4*v^8-5*v^12+ 2*v^14)+ (2*v^6+ 10*v^8+ 6*v^10-10*v^12+ v^14)*z^2+ (3*v^6+ 10*v^8+ 9*v^10-4*v^12)*z^4+ (v^6+ 3*v^8+ 3*v^10)*z^6
,12a_876,[[1;7;2;6];[3;11;4;10];[5;13;6;12];[7;19;8;18];[9;3;10;2];[11;5;12;4];[13;21;14;20];[15;23;16;22];[17;9;18;8];[19;1;20;24];[21;15;22;14];[23;17;24;16]],Y,(v^8+ 8*v^10-12*v^12+ 4*v^14)+ (6*v^8+ 26*v^10-26*v^12+ 4*v^14)*z^2+ (11*v^8+ 29*v^10-16*v^12+ v^14)*z^4+ (6*v^8+ 13*v^10-3*v^12)*z^6+ (v^8+ 2*v^10)*z^8
,12a_877,[[1;7;2;6];[3;11;4;10];[5;13;6;12];[7;19;8;18];[9;3;10;2];[11;5;12;4];[13;21;14;20];[15;23;16;22];[17;9;18;8];[19;1;20;24];[21;17;22;16];[23;15;24;14]],Y,(4*v^8-5*v^12+ 2*v^14)+ (v^6+ 13*v^8+ 3*v^10-9*v^12+ v^14)*z^2+ (3*v^6+ 12*v^8+ 6*v^10-3*v^12)*z^4+ (v^6+ 3*v^8+ 2*v^10)*z^6
,12a_880,[[1;7;2;6];[3;11;4;10];[5;13;6;12];[7;19;8;18];[9;5;10;4];[11;3;12;2];[13;21;14;20];[15;23;16;22];[17;9;18;8];[19;1;20;24];[21;17;22;16];[23;15;24;14]],Y,(v^6+ 3*v^8-2*v^10-2*v^12+ v^14)+ (5*v^6+ 7*v^8-v^10-3*v^12)*z^2+ (v^4+ 4*v^6+ 5*v^8+ 2*v^10)*z^4
,12a_900,[[1;7;2;6];[3;11;4;10];[5;15;6;14];[7;19;8;18];[9;3;10;2];[11;23;12;22];[13;5;14;4];[15;21;16;20];[17;9;18;8];[19;1;20;24];[21;13;22;12];[23;17;24;16]],Y,(3*v^8+ 2*v^10-6*v^12+ 2*v^14)+ (v^6+ 12*v^8+ 6*v^10-10*v^12+ v^14)*z^2+ (2*v^6+ 13*v^8+ 8*v^10-4*v^12)*z^4+ (v^6+ 4*v^8+ 3*v^10)*z^6
,12a_973,[[1;7;2;6];[3;11;4;10];[5;21;6;20];[7;13;8;12];[9;5;10;4];[11;19;12;18];[13;23;14;22];[15;1;16;24];[17;9;18;8];[19;3;20;2];[21;17;22;16];[23;15;24;14]],Y,(5*v^8-3*v^10-2*v^12+ v^14)+ (15*v^8+ v^10-8*v^12+ v^14)*z^2+ (2*v^6+ 14*v^8+ 7*v^10-4*v^12)*z^4+ (v^6+ 4*v^8+ 3*v^10)*z^6
,12a_974,[[1;7;2;6];[3;11;4;10];[5;21;6;20];[7;13;8;12];[9;5;10;4];[11;19;12;18];[13;1;14;24];[15;23;16;22];[17;9;18;8];[19;3;20;2];[21;17;22;16];[23;15;24;14]],Y,(2*v^6+ v^10-3*v^12+ v^14)+ (5*v^6+ 5*v^8+ 2*v^10-4*v^12)*z^2+ (v^4+ 4*v^6+ 5*v^8+ 3*v^10)*z^4
,12a_995,[[1;7;2;6];[3;11;4;10];[5;23;6;22];[7;15;8;14];[9;5;10;4];[11;19;12;18];[13;21;14;20];[15;1;16;24];[17;9;18;8];[19;13;20;12];[21;3;22;2];[23;17;24;16]],Y,(4*v^8-5*v^12+ 2*v^14)+ (14*v^8+ 4*v^10-10*v^12+ v^14)*z^2+ (2*v^6+ 14*v^8+ 8*v^10-4*v^12)*z^4+ (v^6+ 4*v^8+ 3*v^10)*z^6
,12a_996,[[1;7;2;6];[3;11;4;10];[5;23;6;22];[7;15;8;14];[9;5;10;4];[11;21;12;20];[13;19;14;18];[15;1;16;24];[17;9;18;8];[19;13;20;12];[21;3;22;2];[23;17;24;16]],Y,(v^6+ 3*v^8-2*v^10-2*v^12+ v^14)+ (4*v^6+ 8*v^8-4*v^12)*z^2+ (v^4+ 4*v^6+ 6*v^8+ 3*v^10)*z^4
,12a_1004,[[1;7;2;6];[3;11;4;10];[5;23;6;22];[7;19;8;18];[9;3;10;2];[11;17;12;16];[13;1;14;24];[15;21;16;20];[17;9;18;8];[19;13;20;12];[21;5;22;4];[23;15;24;14]],Y,(4*v^8-5*v^12+ 2*v^14)+ (v^6+ 13*v^8+ 3*v^10-9*v^12+ v^14)*z^2+ (2*v^6+ 13*v^8+ 7*v^10-4*v^12)*z^4+ (v^6+ 4*v^8+ 3*v^10)*z^6
,12a_1035,[[1;7;2;6];[3;13;4;12];[5;15;6;14];[7;19;8;18];[9;23;10;22];[11;3;12;2];[13;5;14;4];[15;21;16;20];[17;9;18;8];[19;1;20;24];[21;11;22;10];[23;17;24;16]],Y,(2*v^8+ 4*v^10-7*v^12+ 2*v^14)+ (v^6+ 10*v^8+ 11*v^10-12*v^12+ v^14)*z^2+ (3*v^6+ 11*v^8+ 11*v^10-4*v^12)*z^4+ (v^6+ 3*v^8+ 3*v^10)*z^6
,12a_1037,[[1;7;2;6];[3;13;4;12];[5;15;6;14];[7;19;8;18];[9;23;10;22];[11;5;12;4];[13;3;14;2];[15;21;16;20];[17;9;18;8];[19;1;20;24];[21;11;22;10];[23;17;24;16]],Y,(4*v^8-v^10-3*v^12+ v^14)+ (4*v^6+ 9*v^8+ v^10-4*v^12)*z^2+ (v^4+ 4*v^6+ 6*v^8+ 3*v^10)*z^4
,12a_1097,[[1;7;2;6];[3;13;4;12];[5;21;6;20];[7;15;8;14];[9;23;10;22];[11;5;12;4];[13;19;14;18];[15;1;16;24];[17;9;18;8];[19;3;20;2];[21;11;22;10];[23;17;24;16]],Y,(4*v^8-v^10-3*v^12+ v^14)+ (3*v^6+ 10*v^8+ 2*v^10-5*v^12)*z^2+ (v^4+ 4*v^6+ 7*v^8+ 4*v^10)*z^4
,12a_1112,[[1;7;2;6];[3;13;4;12];[5;23;6;22];[7;15;8;14];[9;19;10;18];[11;5;12;4];[13;21;14;20];[15;1;16;24];[17;9;18;8];[19;11;20;10];[21;3;22;2];[23;17;24;16]],Y,(3*v^8+ 2*v^10-6*v^12+ 2*v^14)+ (13*v^8+ 7*v^10-11*v^12+ v^14)*z^2+ (2*v^6+ 14*v^8+ 9*v^10-4*v^12)*z^4+ (v^6+ 4*v^8+ 3*v^10)*z^6
,12a_1113,[[1;7;2;6];[3;13;4;12];[5;23;6;22];[7;15;8;14];[9;19;10;18];[11;5;12;4];[13;21;14;20];[15;1;16;24];[17;11;18;10];[19;9;20;8];[21;3;22;2];[23;17;24;16]],Y,(5*v^8-3*v^10-2*v^12+ v^14)+ (3*v^6+ 11*v^8-v^10-4*v^12)*z^2+ (v^4+ 4*v^6+ 7*v^8+ 3*v^10)*z^4
,12n_74,[[1;5;2;4];[3;9;4;8];[12;6;13;5];[7;3;8;2];[14;10;15;9];[20;12;21;11];[6;14;7;13];[22;16;23;15];[24;18;1;17];[10;20;11;19];[18;22;19;21];[16;24;17;23]],Y,(6*v^8-5*v^10-v^12+ v^14)+ (17*v^8-4*v^10-6*v^12+ v^14)*z^2+ (17*v^8+ 5*v^10-5*v^12)*z^4+ (7*v^8+ 5*v^10-v^12)*z^6+ (v^8+ v^10)*z^8
,12n_77,[[1;5;2;4];[3;9;4;8];[12;6;13;5];[7;3;8;2];[14;10;15;9];[20;12;21;11];[6;14;7;13];[24;16;1;15];[22;18;23;17];[10;20;11;19];[18;22;19;21];[16;24;17;23]],Y,(3*v^6-2*v^8+ 2*v^10-3*v^12+ v^14)+ (7*v^6+ 4*v^10-4*v^12)*z^2+ (5*v^6+ 3*v^8+ 4*v^10-v^12)*z^4+ (v^6+ v^8+ v^10)*z^6
,12n_88,[[1;5;2;4];[3;9;4;8];[5;13;6;12];[7;3;8;2];[16;10;17;9];[11;7;12;6];[13;21;14;20];[10;16;11;15];[17;23;18;22];[19;15;20;14];[21;1;22;24];[23;19;24;18]],Y,(v^6+ 6*v^8-9*v^10+ 3*v^12)+ (3*v^6+ 15*v^8-14*v^10+ 2*v^12)*z^2+ (3*v^6+ 12*v^8-5*v^10)*z^4+ (v^6+ 3*v^8)*z^6
,12n_91,[[1;5;2;4];[3;9;4;8];[5;13;6;12];[7;3;8;2];[16;10;17;9];[11;7;12;6];[20;14;21;13];[10;16;11;15];[22;18;23;17];[24;20;1;19];[14;22;15;21];[18;24;19;23]],Y,(7*v^8-7*v^10+ v^14)+ (20*v^8-11*v^10-3*v^12+ v^14)*z^2+ (20*v^8-4*v^10-2*v^12)*z^4+ 8*v^8*z^6+ v^8*z^8
,12n_96,[[1;5;2;4];[3;9;4;8];[5;13;6;12];[7;3;8;2];[16;10;17;9];[11;7;12;6];[20;14;21;13];[10;16;11;15];[24;18;1;17];[22;20;23;19];[14;22;15;21];[18;24;19;23]],Y,(3*v^6-v^8-2*v^12+ v^14)+ (7*v^6+ 2*v^8-v^10-2*v^12)*z^2+ (5*v^6+ 4*v^8)*z^4+ (v^6+ v^8)*z^6
,12n_100,[[1;5;2;4];[3;9;4;8];[12;6;13;5];[7;3;8;2];[16;10;17;9];[22;12;23;11];[6;14;7;13];[20;16;21;15];[24;18;1;17];[10;20;11;19];[14;22;15;21];[18;24;19;23]],Y,(6*v^8-5*v^10-v^12+ v^14)+ (2*v^6+ 14*v^8-5*v^10-3*v^12)*z^2+ (3*v^6+ 12*v^8+ v^10-v^12)*z^4+ (v^6+ 3*v^8+ v^10)*z^6
,12n_105,[[1;5;2;4];[3;9;4;8];[5;13;6;12];[7;3;8;2];[18;10;19;9];[11;7;12;6];[20;14;21;13];[22;16;23;15];[10;18;11;17];[24;20;1;19];[14;22;15;21];[16;24;17;23]],Y,(5*v^8-2*v^10-4*v^12+ 2*v^14)+ (18*v^8-5*v^10-6*v^12+ v^14)*z^2+ (20*v^8-2*v^10-2*v^12)*z^4+ 8*v^8*z^6+ v^8*z^8
,12n_110,[[1;5;2;4];[3;9;4;8];[5;13;6;12];[7;3;8;2];[18;10;19;9];[11;7;12;6];[20;14;21;13];[22;16;23;15];[10;18;11;17];[24;20;1;19];[16;22;17;21];[14;24;15;23]],Y,(v^6+ 4*v^8-4*v^10-v^12+ v^14)+ (5*v^6+ 8*v^8-4*v^10-2*v^12)*z^2+ (5*v^6+ 6*v^8)*z^4+ (v^6+ v^8)*z^6
,12n_133,[[1;5;2;4];[3;9;4;8];[5;13;6;12];[7;3;8;2];[22;10;23;9];[11;7;12;6];[13;17;14;16];[15;21;16;20];[17;1;18;24];[19;15;20;14];[10;22;11;21];[23;19;24;18]],Y,(v^6+ 6*v^8-9*v^10+ 3*v^12)+ (3*v^6+ 15*v^8-14*v^10+ 2*v^12)*z^2+ (3*v^6+ 12*v^8-5*v^10)*z^4+ (v^6+ 3*v^8)*z^6
,12n_136,[[1;5;2;4];[3;9;4;8];[5;13;6;12];[7;3;8;2];[22;10;23;9];[11;7;12;6];[18;14;19;13];[20;16;21;15];[24;18;1;17];[14;20;15;19];[10;22;11;21];[16;24;17;23]],Y,(7*v^8-7*v^10+ v^14)+ (20*v^8-11*v^10-3*v^12+ v^14)*z^2+ (20*v^8-4*v^10-2*v^12)*z^4+ 8*v^8*z^6+ v^8*z^8
,12n_153,[[1;5;2;4];[3;9;4;8];[14;6;15;5];[7;3;8;2];[16;10;17;9];[18;12;19;11];[22;14;23;13];[6;16;7;15];[10;18;11;17];[24;20;1;19];[12;22;13;21];[20;24;21;23]],Y,(5*v^8-3*v^10-2*v^12+ v^14)+ (15*v^8+ v^10-8*v^12+ v^14)*z^2+ (16*v^8+ 9*v^10-6*v^12)*z^4+ (7*v^8+ 6*v^10-v^12)*z^6+ (v^8+ v^10)*z^8
,12n_166,[[1;5;2;4];[3;9;4;8];[14;6;15;5];[7;3;8;2];[16;10;17;9];[20;12;21;11];[22;14;23;13];[6;16;7;15];[24;18;1;17];[10;20;11;19];[12;22;13;21];[18;24;19;23]],Y,(3*v^8+ 2*v^10-6*v^12+ 2*v^14)+ (13*v^8+ 7*v^10-11*v^12+ v^14)*z^2+ (16*v^8+ 11*v^10-6*v^12)*z^4+ (7*v^8+ 6*v^10-v^12)*z^6+ (v^8+ v^10)*z^8
,12n_169,[[1;5;2;4];[3;9;4;8];[14;6;15;5];[7;3;8;2];[16;10;17;9];[20;12;21;11];[22;14;23;13];[6;16;7;15];[24;18;1;17];[12;20;13;19];[10;22;11;21];[18;24;19;23]],Y,(5*v^8-3*v^10-2*v^12+ v^14)+ (3*v^6+ 11*v^8-v^10-4*v^12)*z^2+ (4*v^6+ 9*v^8+ 3*v^10-v^12)*z^4+ (v^6+ 2*v^8+ v^10)*z^6
,12n_177,[[1;5;2;4];[3;9;4;8];[14;6;15;5];[7;3;8;2];[18;10;19;9];[16;12;17;11];[22;14;23;13];[6;16;7;15];[10;18;11;17];[24;20;1;19];[12;22;13;21];[20;24;21;23]],Y,(2*v^6+ v^10-3*v^12+ v^14)+ (5*v^6+ 5*v^8+ 2*v^10-4*v^12)*z^2+ (4*v^6+ 7*v^8+ 3*v^10-v^12)*z^4+ (v^6+ 2*v^8+ v^10)*z^6
,12n_187,[[1;5;2;4];[3;9;4;8];[5;15;6;14];[7;3;8;2];[18;10;19;9];[20;12;21;11];[13;7;14;6];[22;16;23;15];[12;18;13;17];[10;20;11;19];[24;22;1;21];[16;24;17;23]],Y,(6*v^8-5*v^10-v^12+ v^14)+ (19*v^8-8*v^10-4*v^12+ v^14)*z^2+ (20*v^8-3*v^10-2*v^12)*z^4+ 8*v^8*z^6+ v^8*z^8
,12n_203,[[1;5;2;4];[3;9;4;8];[5;15;6;14];[7;3;8;2];[18;10;19;9];[22;12;23;11];[13;7;14;6];[20;16;21;15];[10;18;11;17];[24;20;1;19];[12;22;13;21];[16;24;17;23]],Y,(6*v^8-5*v^10-v^12+ v^14)+ (3*v^6+ 13*v^8-6*v^10-2*v^12)*z^2+ (4*v^6+ 10*v^8-v^10)*z^4+ (v^6+ 2*v^8)*z^6
,12n_217,[[1;5;2;4];[3;9;4;8];[5;15;6;14];[7;3;8;2];[20;10;21;9];[18;12;19;11];[13;7;14;6];[22;16;23;15];[12;18;13;17];[10;20;11;19];[24;22;1;21];[16;24;17;23]],Y,(2*v^6+ v^8-v^10-2*v^12+ v^14)+ (6*v^6+ 5*v^8-2*v^10-2*v^12)*z^2+ (5*v^6+ 5*v^8)*z^4+ (v^6+ v^8)*z^6
,12n_242,[[1;5;2;4];[3;9;4;8];[16;6;17;5];[7;3;8;2];[18;10;19;9];[20;12;21;11];[22;14;23;13];[24;16;1;15];[6;18;7;17];[10;20;11;19];[12;22;13;21];[14;24;15;23]],Y,(9*v^10-11*v^12+ 3*v^14)+ (39*v^10-31*v^12+ 4*v^14)*z^2+ (57*v^10-27*v^12+ v^14)*z^4+ (36*v^10-9*v^12)*z^6+ (10*v^10-v^12)*z^8+ v^10*z^10
,12n_243,[[1;5;2;4];[3;9;4;8];[16;6;17;5];[7;3;8;2];[18;10;19;9];[20;12;21;11];[22;14;23;13];[24;16;1;15];[6;18;7;17];[10;20;11;19];[14;22;15;21];[12;24;13;23]],Y,(2*v^8+ 4*v^10-7*v^12+ 2*v^14)+ (11*v^8+ 12*v^10-13*v^12+ v^14)*z^2+ (15*v^8+ 15*v^10-7*v^12)*z^4+ (7*v^8+ 7*v^10-v^12)*z^6+ (v^8+ v^10)*z^8
,12n_244,[[1;5;2;4];[3;9;4;8];[16;6;17;5];[7;3;8;2];[18;10;19;9];[20;12;21;11];[22;14;23;13];[24;16;1;15];[6;18;7;17];[14;20;15;19];[12;22;13;21];[10;24;11;23]],Y,(4*v^8-v^10-3*v^12+ v^14)+ (14*v^8+ 4*v^10-9*v^12+ v^14)*z^2+ (16*v^8+ 10*v^10-6*v^12)*z^4+ (7*v^8+ 6*v^10-v^12)*z^6+ (v^8+ v^10)*z^8
,12n_245,[[1;5;2;4];[3;9;4;8];[16;6;17;5];[7;3;8;2];[18;10;19;9];[20;12;21;11];[24;14;1;13];[22;16;23;15];[6;18;7;17];[12;20;13;19];[10;22;11;21];[14;24;15;23]],Y,(4*v^8-v^10-3*v^12+ v^14)+ (3*v^6+ 10*v^8+ 2*v^10-5*v^12)*z^2+ (4*v^6+ 9*v^8+ 4*v^10-v^12)*z^4+ (v^6+ 2*v^8+ v^10)*z^6
,12n_251,[[1;5;2;4];[3;9;4;8];[16;6;17;5];[7;3;8;2];[18;10;19;9];[22;12;23;11];[20;14;21;13];[24;16;1;15];[6;18;7;17];[14;20;15;19];[12;22;13;21];[10;24;11;23]],Y,(2*v^6-v^8+ 3*v^10-4*v^12+ v^14)+ (6*v^6+ 2*v^8+ 6*v^10-5*v^12)*z^2+ (5*v^6+ 4*v^8+ 5*v^10-v^12)*z^4+ (v^6+ v^8+ v^10)*z^6
,12n_259,[[1;5;2;4];[3;9;4;8];[5;17;6;16];[7;3;8;2];[9;21;10;20];[18;12;19;11];[13;23;14;22];[15;7;16;6];[12;18;13;17];[19;1;20;24];[21;15;22;14];[23;11;24;10]],Y,(7*v^8-8*v^10+ 2*v^12)+ (2*v^6+ 17*v^8-12*v^10+ v^12)*z^2+ (3*v^6+ 13*v^8-4*v^10)*z^4+ (v^6+ 3*v^8)*z^6
,12n_289,[[1;5;2;4];[3;11;4;10];[5;13;6;12];[16;8;17;7];[9;3;10;2];[11;9;12;8];[13;19;14;18];[15;23;16;22];[6;18;7;17];[19;1;20;24];[21;15;22;14];[23;21;24;20]],Y,(2*v^6+ v^8-v^10-2*v^12+ v^14)+ (5*v^6+ 6*v^8-v^10-3*v^12)*z^2+ (4*v^6+ 7*v^8+ 2*v^10-v^12)*z^4+ (v^6+ 2*v^8+ v^10)*z^6
,12n_292,[[1;5;2;4];[3;11;4;10];[5;13;6;12];[7;17;8;16];[9;3;10;2];[11;9;12;8];[20;14;21;13];[15;7;16;6];[22;18;23;17];[24;20;1;19];[14;22;15;21];[18;24;19;23]],Y,(5*v^8-2*v^10-4*v^12+ 2*v^14)+ (15*v^8+ 2*v^10-11*v^12+ 2*v^14)*z^2+ (16*v^8+ 9*v^10-7*v^12)*z^4+ (7*v^8+ 6*v^10-v^12)*z^6+ (v^8+ v^10)*z^8
,12n_305,[[1;5;2;4];[3;11;4;10];[5;13;6;12];[7;19;8;18];[9;3;10;2];[11;9;12;8];[20;14;21;13];[22;16;23;15];[17;7;18;6];[24;20;1;19];[14;22;15;21];[16;24;17;23]],Y,(4*v^8-5*v^12+ 2*v^14)+ (14*v^8+ 4*v^10-10*v^12+ v^14)*z^2+ (16*v^8+ 10*v^10-6*v^12)*z^4+ (7*v^8+ 6*v^10-v^12)*z^6+ (v^8+ v^10)*z^8
,12n_308,[[1;5;2;4];[3;11;4;10];[5;13;6;12];[7;19;8;18];[9;3;10;2];[11;9;12;8];[20;14;21;13];[22;16;23;15];[17;7;18;6];[24;20;1;19];[16;22;17;21];[14;24;15;23]],Y,(v^6+ 3*v^8-2*v^10-2*v^12+ v^14)+ (4*v^6+ 8*v^8-4*v^12)*z^2+ (4*v^6+ 8*v^8+ 3*v^10-v^12)*z^4+ (v^6+ 2*v^8+ v^10)*z^6
,12n_328,[[1;5;2;4];[3;11;4;10];[5;15;6;14];[12;8;13;7];[9;3;10;2];[20;12;21;11];[13;19;14;18];[22;16;23;15];[17;7;18;6];[8;20;9;19];[24;22;1;21];[16;24;17;23]],Y,(5*v^8-3*v^10-2*v^12+ v^14)+ (18*v^8-6*v^10-3*v^12)*z^2+ (20*v^8-2*v^10-v^12)*z^4+ 8*v^8*z^6+ v^8*z^8
,12n_338,[[1;5;2;4];[3;11;4;10];[14;6;15;5];[16;8;17;7];[9;3;10;2];[18;12;19;11];[22;14;23;13];[6;16;7;15];[8;18;9;17];[24;20;1;19];[12;22;13;21];[20;24;21;23]],Y,(4*v^8-v^10-3*v^12+ v^14)+ (14*v^8+ 4*v^10-9*v^12+ v^14)*z^2+ (16*v^8+ 10*v^10-6*v^12)*z^4+ (7*v^8+ 6*v^10-v^12)*z^6+ (v^8+ v^10)*z^8
,12n_341,[[1;5;2;4];[3;11;4;10];[14;6;15;5];[16;8;17;7];[9;3;10;2];[18;12;19;11];[22;14;23;13];[8;16;9;15];[6;18;7;17];[24;20;1;19];[12;22;13;21];[20;24;21;23]],Y,(v^6+ 2*v^8-3*v^12+ v^14)+ (4*v^6+ 8*v^8+ v^10-4*v^12)*z^2+ (4*v^6+ 8*v^8+ 3*v^10-v^12)*z^4+ (v^6+ 2*v^8+ v^10)*z^6
,12n_374,[[1;5;2;4];[3;11;4;10];[14;6;15;5];[18;8;19;7];[9;3;10;2];[20;12;21;11];[24;14;1;13];[6;16;7;15];[22;18;23;17];[8;20;9;19];[12;22;13;21];[16;24;17;23]],Y,(3*v^8+ v^10-4*v^12+ v^14)+ (12*v^8+ 9*v^10-11*v^12+ v^14)*z^2+ (15*v^8+ 14*v^10-7*v^12)*z^4+ (7*v^8+ 7*v^10-v^12)*z^6+ (v^8+ v^10)*z^8
,12n_386,[[1;5;2;4];[3;11;4;10];[14;6;15;5];[18;8;19;7];[9;3;10;2];[22;12;23;11];[24;14;1;13];[6;16;7;15];[20;18;21;17];[8;20;9;19];[16;22;17;21];[12;24;13;23]],Y,(5*v^8-4*v^10)+ (15*v^8+ v^10-7*v^12+ v^14)*z^2+ (16*v^8+ 9*v^10-6*v^12)*z^4+ (7*v^8+ 6*v^10-v^12)*z^6+ (v^8+ v^10)*z^8
,12n_406,[[1;5;2;4];[3;11;4;10];[14;6;15;5];[20;8;21;7];[9;3;10;2];[16;12;17;11];[22;14;23;13];[8;16;9;15];[24;18;1;17];[12;20;13;19];[6;22;7;21];[18;24;19;23]],Y,(5*v^8-3*v^10-2*v^12+ v^14)+ (v^6+ 15*v^8-3*v^10-4*v^12)*z^2+ (3*v^6+ 13*v^8+ 2*v^10-v^12)*z^4+ (v^6+ 3*v^8+ v^10)*z^6
,12n_417,[[1;5;2;4];[3;11;4;10];[14;6;15;5];[20;8;21;7];[9;3;10;2];[11;19;12;18];[16;14;17;13];[6;16;7;15];[17;1;18;24];[22;20;23;19];[8;22;9;21];[23;13;24;12]],Y,(6*v^8-6*v^10+ v^12)+ (19*v^8-9*v^10-v^12)*z^2+ (20*v^8-3*v^10-v^12)*z^4+ 8*v^8*z^6+ v^8*z^8
,12n_426,[[1;5;2;4];[3;11;4;10];[5;15;6;14];[7;23;8;22];[9;3;10;2];[18;12;19;11];[13;9;14;8];[20;16;21;15];[12;18;13;17];[24;20;1;19];[21;7;22;6];[16;24;17;23]],Y,(6*v^8-5*v^10-v^12+ v^14)+ (18*v^8-7*v^10-3*v^12)*z^2+ (20*v^8-2*v^10-v^12)*z^4+ 8*v^8*z^6+ v^8*z^8
,12n_453,[[1;5;2;4];[3;11;4;10];[5;17;6;16];[14;8;15;7];[9;3;10;2];[11;19;12;18];[13;23;14;22];[20;16;21;15];[17;1;18;24];[19;9;20;8];[6;22;7;21];[23;13;24;12]],Y,(5*v^8-3*v^10-2*v^12+ v^14)+ (2*v^6+ 14*v^8-4*v^10-3*v^12)*z^2+ (3*v^6+ 12*v^8+ v^10-v^12)*z^4+ (v^6+ 3*v^8+ v^10)*z^6
,12n_472,[[1;5;2;4];[3;11;4;10];[16;6;17;5];[18;8;19;7];[9;3;10;2];[20;12;21;11];[22;14;23;13];[24;16;1;15];[6;18;7;17];[8;20;9;19];[12;22;13;21];[14;24;15;23]],Y,(8*v^10-9*v^12+ 2*v^14)+ (38*v^10-28*v^12+ 3*v^14)*z^2+ (57*v^10-26*v^12+ v^14)*z^4+ (36*v^10-9*v^12)*z^6+ (10*v^10-v^12)*z^8+ v^10*z^10
,12n_473,[[1;5;2;4];[3;11;4;10];[16;6;17;5];[18;8;19;7];[9;3;10;2];[20;12;21;11];[22;14;23;13];[24;16;1;15];[6;18;7;17];[8;20;9;19];[14;22;15;21];[12;24;13;23]],Y,(2*v^8+ 3*v^10-5*v^12+ v^14)+ (11*v^8+ 12*v^10-12*v^12+ v^14)*z^2+ (15*v^8+ 15*v^10-7*v^12)*z^4+ (7*v^8+ 7*v^10-v^12)*z^6+ (v^8+ v^10)*z^8
,12n_474,[[1;5;2;4];[3;11;4;10];[16;6;17;5];[18;8;19;7];[9;3;10;2];[20;12;21;11];[22;14;23;13];[24;16;1;15];[8;18;9;17];[6;20;7;19];[12;22;13;21];[14;24;15;23]],Y,(v^8+ 6*v^10-8*v^12+ 2*v^14)+ (10*v^8+ 15*v^10-14*v^12+ v^14)*z^2+ (15*v^8+ 16*v^10-7*v^12)*z^4+ (7*v^8+ 7*v^10-v^12)*z^6+ (v^8+ v^10)*z^8
,12n_477,[[1;5;2;4];[3;11;4;10];[16;6;17;5];[18;8;19;7];[9;3;10;2];[20;12;21;11];[22;14;23;13];[24;16;1;15];[8;18;9;17];[6;20;7;19];[14;22;15;21];[12;24;13;23]],Y,(3*v^8+ v^10-4*v^12+ v^14)+ (3*v^6+ 10*v^8+ 3*v^10-5*v^12)*z^2+ (4*v^6+ 9*v^8+ 4*v^10-v^12)*z^4+ (v^6+ 2*v^8+ v^10)*z^6
,12n_502,[[1;5;2;4];[3;11;4;10];[16;6;17;5];[22;8;23;7];[9;3;10;2];[18;12;19;11];[20;14;21;13];[24;16;1;15];[8;18;9;17];[12;20;13;19];[14;22;15;21];[6;24;7;23]],Y,(3*v^8+ 2*v^10-6*v^12+ 2*v^14)+ (11*v^8+ 11*v^10-13*v^12+ v^14)*z^2+ (15*v^8+ 15*v^10-7*v^12)*z^4+ (7*v^8+ 7*v^10-v^12)*z^6+ (v^8+ v^10)*z^8
,12n_503,[[1;5;2;4];[3;11;4;10];[16;6;17;5];[22;8;23;7];[9;3;10;2];[18;12;19;11];[20;14;21;13];[24;16;1;15];[8;18;9;17];[14;20;15;19];[12;22;13;21];[6;24;7;23]],Y,(v^6+ 2*v^8-3*v^12+ v^14)+ (3*v^6+ 9*v^8+ 2*v^10-5*v^12)*z^2+ (4*v^6+ 9*v^8+ 4*v^10-v^12)*z^4+ (v^6+ 2*v^8+ v^10)*z^6
,12n_518,[[1;5;2;4];[3;11;4;10];[18;6;19;5];[14;8;15;7];[9;3;10;2];[11;23;12;22];[16;14;17;13];[8;16;9;15];[20;18;21;17];[6;20;7;19];[21;1;22;24];[23;13;24;12]],Y,(7*v^8-8*v^10+ 2*v^12)+ (20*v^8-11*v^10-2*v^12+ v^14)*z^2+ (20*v^8-4*v^10-2*v^12)*z^4+ 8*v^8*z^6+ v^8*z^8
,12n_574,[[1;5;2;4];[3;13;4;12];[16;6;17;5];[18;8;19;7];[20;10;21;9];[11;3;12;2];[22;14;23;13];[24;16;1;15];[6;18;7;17];[8;20;9;19];[10;22;11;21];[14;24;15;23]],Y,(7*v^10-7*v^12+ v^14)+ (38*v^10-27*v^12+ 3*v^14)*z^2+ (57*v^10-26*v^12+ v^14)*z^4+ (36*v^10-9*v^12)*z^6+ (10*v^10-v^12)*z^8+ v^10*z^10
,12n_575,[[1;5;2;4];[3;13;4;12];[16;6;17;5];[18;8;19;7];[20;10;21;9];[11;3;12;2];[22;14;23;13];[24;16;1;15];[6;18;7;17];[10;20;11;19];[8;22;9;21];[14;24;15;23]],Y,(v^8+ 5*v^10-6*v^12+ v^14)+ (11*v^8+ 13*v^10-12*v^12+ v^14)*z^2+ (15*v^8+ 15*v^10-7*v^12)*z^4+ (7*v^8+ 7*v^10-v^12)*z^6+ (v^8+ v^10)*z^8
,12n_576,[[1;5;2;4];[3;13;4;12];[16;6;17;5];[18;8;19;7];[20;10;21;9];[11;3;12;2];[22;14;23;13];[24;16;1;15];[10;18;11;17];[8;20;9;19];[6;22;7;21];[14;24;15;23]],Y,(2*v^8+ 3*v^10-5*v^12+ v^14)+ (13*v^8+ 8*v^10-10*v^12+ v^14)*z^2+ (16*v^8+ 11*v^10-6*v^12)*z^4+ (7*v^8+ 6*v^10-v^12)*z^6+ (v^8+ v^10)*z^8
,12n_581,[[1;5;2;4];[3;13;4;12];[16;6;17;5];[20;8;21;7];[18;10;19;9];[11;3;12;2];[22;14;23;13];[24;16;1;15];[10;18;11;17];[8;20;9;19];[6;22;7;21];[14;24;15;23]],Y,(v^6+ 4*v^10-5*v^12+ v^14)+ (6*v^6+ 3*v^8+ 7*v^10-5*v^12)*z^2+ (5*v^6+ 4*v^8+ 5*v^10-v^12)*z^4+ (v^6+ v^8+ v^10)*z^6
,12n_585,[[1;5;2;4];[3;13;4;12];[16;6;17;5];[22;8;23;7];[18;10;19;9];[11;3;12;2];[20;14;21;13];[24;16;1;15];[10;18;11;17];[8;20;9;19];[14;22;15;21];[6;24;7;23]],Y,(v^6+ v^8+ 2*v^10-4*v^12+ v^14)+ (4*v^6+ 7*v^8+ 4*v^10-5*v^12)*z^2+ (4*v^6+ 8*v^8+ 4*v^10-v^12)*z^4+ (v^6+ 2*v^8+ v^10)*z^6
,12n_591,[[1;5;2;4];[3;13;4;12];[18;6;19;5];[7;15;8;14];[20;10;21;9];[11;3;12;2];[13;9;14;8];[22;16;23;15];[24;18;1;17];[10;20;11;19];[6;22;7;21];[16;24;17;23]],Y,(4*v^8-v^10-3*v^12+ v^14)+ (17*v^8-3*v^10-4*v^12)*z^2+ (20*v^8-v^10-v^12)*z^4+ 8*v^8*z^6+ v^8*z^8
,12n_594,[[1;5;2;4];[3;13;4;12];[18;6;19;5];[7;15;8;14];[20;10;21;9];[11;3;12;2];[13;9;14;8];[24;16;1;15];[22;18;23;17];[10;20;11;19];[6;22;7;21];[16;24;17;23]],Y,(v^6+ 3*v^8-3*v^10)+ (5*v^6+ 8*v^8-3*v^10-v^12)*z^2+ (5*v^6+ 6*v^8)*z^4+ (v^6+ v^8)*z^6
,12n_600,[[1;5;2;4];[3;13;4;12];[18;6;19;5];[16;8;17;7];[20;10;21;9];[11;3;12;2];[22;14;23;13];[24;16;1;15];[6;18;7;17];[10;20;11;19];[8;22;9;21];[14;24;15;23]],Y,(2*v^8+ 3*v^10-5*v^12+ v^14)+ (4*v^6+ 8*v^8+ 5*v^10-5*v^12)*z^2+ (4*v^6+ 8*v^8+ 4*v^10-v^12)*z^4+ (v^6+ 2*v^8+ v^10)*z^6
,12n_638,[[1;5;2;4];[3;15;4;14];[5;17;6;16];[18;8;19;7];[9;1;10;24];[20;12;21;11];[13;3;14;2];[15;13;16;12];[22;17;23;18];[10;20;11;19];[6;22;7;21];[23;9;24;8]],Y,(3*v^6-2*v^8+ v^10-v^12)+ (7*v^6+ 2*v^8-v^12)*z^2+ (5*v^6+ 4*v^8)*z^4+ (v^6+ v^8)*z^6
,12n_640,[[1;5;2;4];[3;15;4;14];[18;6;19;5];[7;17;8;16];[20;10;21;9];[22;12;23;11];[13;3;14;2];[15;9;16;8];[24;18;1;17];[12;20;13;19];[10;22;11;21];[6;24;7;23]],Y,(4*v^8-2*v^10-v^12)+ (18*v^8-5*v^10-2*v^12)*z^2+ (20*v^8-2*v^10-v^12)*z^4+ 8*v^8*z^6+ v^8*z^8
,12n_644,[[1;5;2;4];[3;15;4;14];[18;6;19;5];[7;17;8;16];[22;10;23;9];[20;12;21;11];[13;3;14;2];[15;9;16;8];[24;18;1;17];[12;20;13;19];[10;22;11;21];[6;24;7;23]],Y,(v^6+ 2*v^8-v^10-v^12)+ (6*v^6+ 6*v^8-v^10-v^12)*z^2+ (5*v^6+ 5*v^8)*z^4+ (v^6+ v^8)*z^6
,12n_647,[[1;5;2;4];[3;15;4;14];[18;6;19;5];[7;17;8;16];[9;1;10;24];[20;12;21;11];[13;3;14;2];[15;11;16;10];[22;18;23;17];[12;20;13;19];[6;22;7;21];[23;9;24;8]],Y,(5*v^8-4*v^10)+ (18*v^8-6*v^10-2*v^12)*z^2+ (20*v^8-2*v^10-v^12)*z^4+ 8*v^8*z^6+ v^8*z^8
,12n_655,[[1;5;2;4];[3;15;4;14];[18;6;19;5];[22;8;23;7];[9;17;10;16];[20;12;21;11];[13;3;14;2];[15;11;16;10];[24;18;1;17];[12;20;13;19];[8;22;9;21];[6;24;7;23]],Y,(2*v^6-v^12)+ (6*v^6+ 5*v^8-v^10-v^12)*z^2+ (5*v^6+ 5*v^8)*z^4+ (v^6+ v^8)*z^6
,12n_679,[[1;7;2;6];[3;9;4;8];[5;13;6;12];[7;3;8;2];[18;10;19;9];[11;5;12;4];[20;14;21;13];[22;16;23;15];[24;18;1;17];[10;20;11;19];[14;22;15;21];[16;24;17;23]],Y,(11*v^10-15*v^12+ 5*v^14)+ (42*v^10-39*v^12+ 7*v^14)*z^2+ (58*v^10-32*v^12+ 2*v^14)*z^4+ (36*v^10-10*v^12)*z^6+ (10*v^10-v^12)*z^8+ v^10*z^10
,12n_680,[[1;7;2;6];[3;9;4;8];[5;13;6;12];[7;3;8;2];[18;10;19;9];[11;5;12;4];[20;14;21;13];[22;16;23;15];[24;18;1;17];[10;20;11;19];[16;22;17;21];[14;24;15;23]],Y,(3*v^8+ 3*v^10-8*v^12+ 3*v^14)+ (12*v^8+ 10*v^10-15*v^12+ 2*v^14)*z^2+ (15*v^8+ 14*v^10-8*v^12)*z^4+ (7*v^8+ 7*v^10-v^12)*z^6+ (v^8+ v^10)*z^8
,12n_688,[[1;7;2;6];[3;9;4;8];[5;15;6;14];[7;3;8;2];[18;10;19;9];[20;12;21;11];[13;5;14;4];[22;16;23;15];[24;18;1;17];[10;20;11;19];[12;22;13;21];[16;24;17;23]],Y,(10*v^10-13*v^12+ 4*v^14)+ (41*v^10-36*v^12+ 6*v^14)*z^2+ (58*v^10-31*v^12+ 2*v^14)*z^4+ (36*v^10-10*v^12)*z^6+ (10*v^10-v^12)*z^8+ v^10*z^10
,12n_689,[[1;7;2;6];[3;9;4;8];[5;15;6;14];[7;3;8;2];[18;10;19;9];[20;12;21;11];[13;5;14;4];[22;16;23;15];[24;18;1;17];[12;20;13;19];[10;22;11;21];[16;24;17;23]],Y,(2*v^8+ 5*v^10-9*v^12+ 3*v^14)+ (11*v^8+ 13*v^10-16*v^12+ 2*v^14)*z^2+ (15*v^8+ 15*v^10-8*v^12)*z^4+ (7*v^8+ 7*v^10-v^12)*z^6+ (v^8+ v^10)*z^8
,12n_691,[[1;7;2;6];[3;9;4;8];[5;15;6;14];[7;3;8;2];[18;10;19;9];[22;12;23;11];[13;5;14;4];[20;16;21;15];[24;18;1;17];[12;20;13;19];[16;22;17;21];[10;24;11;23]],Y,(4*v^8-5*v^12+ 2*v^14)+ (13*v^8+ 7*v^10-13*v^12+ 2*v^14)*z^2+ (15*v^8+ 13*v^10-8*v^12)*z^4+ (7*v^8+ 7*v^10-v^12)*z^6+ (v^8+ v^10)*z^8
,12n_692,[[1;7;2;6];[3;9;4;8];[5;15;6;14];[7;3;8;2];[20;10;21;9];[16;12;17;11];[13;5;14;4];[22;16;23;15];[10;18;11;17];[24;20;1;19];[12;22;13;21];[18;24;19;23]],Y,(4*v^8-5*v^12+ 2*v^14)+ (13*v^8+ 7*v^10-13*v^12+ 2*v^14)*z^2+ (15*v^8+ 13*v^10-8*v^12)*z^4+ (7*v^8+ 7*v^10-v^12)*z^6+ (v^8+ v^10)*z^8
,12n_694,[[1;7;2;6];[3;9;4;8];[5;17;6;16];[7;3;8;2];[20;10;21;9];[11;19;12;18];[22;14;23;13];[15;5;16;4];[17;13;18;12];[24;20;1;19];[14;22;15;21];[10;24;11;23]],Y,(6*v^8-6*v^10+ v^12)+ (19*v^8-9*v^10-v^12)*z^2+ (20*v^8-3*v^10-v^12)*z^4+ 8*v^8*z^6+ v^8*z^8
,12n_725,[[1;7;2;6];[3;11;4;10];[5;13;6;12];[18;8;19;7];[9;3;10;2];[11;5;12;4];[20;14;21;13];[22;16;23;15];[24;18;1;17];[8;20;9;19];[14;22;15;21];[16;24;17;23]],Y,(10*v^10-13*v^12+ 4*v^14)+ (39*v^10-32*v^12+ 4*v^14)*z^2+ (57*v^10-27*v^12+ v^14)*z^4+ (36*v^10-9*v^12)*z^6+ (10*v^10-v^12)*z^8+ v^10*z^10
,12n_758,[[1;7;2;6];[3;11;4;10];[14;6;15;5];[7;21;8;20];[9;3;10;2];[11;19;12;18];[13;1;14;24];[4;16;5;15];[17;23;18;22];[19;9;20;8];[21;13;22;12];[23;17;24;16]],Y,(4*v^8-v^10-3*v^12+ v^14)+ (2*v^6+ 13*v^8-v^10-4*v^12)*z^2+ (3*v^6+ 12*v^8+ 2*v^10-v^12)*z^4+ (v^6+ 3*v^8+ v^10)*z^6
,12n_764,[[1;7;2;6];[10;4;11;3];[16;6;17;5];[7;15;8;14];[9;23;10;22];[2;12;3;11];[13;21;14;20];[15;1;16;24];[4;18;5;17];[19;9;20;8];[21;13;22;12];[23;19;24;18]],Y,(5*v^8-4*v^10)+ (3*v^6+ 13*v^8-5*v^10-v^12)*z^2+ (4*v^6+ 10*v^8-v^10)*z^4+ (v^6+ 2*v^8)*z^6
,12n_806,[[1;7;2;6];[10;4;11;3];[20;6;21;5];[7;13;8;12];[16;10;17;9];[2;12;3;11];[13;19;14;18];[22;16;23;15];[8;18;9;17];[19;1;20;24];[4;22;5;21];[14;24;15;23]],Y,(7*v^8-8*v^10+ 2*v^12)+ (v^6+ 18*v^8-11*v^10)*z^2+ (3*v^6+ 14*v^8-3*v^10)*z^4+ (v^6+ 3*v^8)*z^6
,12n_850,[[1;7;2;6];[12;4;13;3];[16;6;17;5];[7;15;8;14];[9;21;10;20];[11;23;12;22];[2;14;3;13];[15;1;16;24];[4;18;5;17];[19;9;20;8];[21;11;22;10];[23;19;24;18]],Y,(3*v^8-2*v^12)+ (17*v^8-2*v^10-3*v^12)*z^2+ (20*v^8-v^10-v^12)*z^4+ 8*v^8*z^6+ v^8*z^8
,12n_851,[[1;7;2;6];[12;4;13;3];[16;6;17;5];[7;15;8;14];[9;21;10;20];[11;23;12;22];[2;14;3;13];[15;1;16;24];[4;18;5;17];[19;11;20;10];[21;9;22;8];[23;19;24;18]],Y,(4*v^8-2*v^10-v^12)+ (5*v^6+ 9*v^8-2*v^10-v^12)*z^2+ (5*v^6+ 6*v^8)*z^4+ (v^6+ v^8)*z^6
,12n_881,[[1;7;2;6];[20;4;21;3];[10;6;11;5];[7;1;8;24];[9;15;10;14];[4;12;5;11];[18;14;19;13];[15;9;16;8];[17;23;18;22];[12;20;13;19];[2;22;3;21];[23;17;24;16]],Y,(2*v^6+ 3*v^8-6*v^10+ 2*v^12)+ (6*v^6+ 6*v^8-6*v^10)*z^2+ (v^4+ 4*v^6+ 4*v^8)*z^4
,12n_888,[[1;11;2;10];[3;13;4;12];[20;6;21;5];[16;8;17;7];[18;10;19;9];[11;3;12;2];[13;23;14;22];[15;1;16;24];[8;18;9;17];[4;20;5;19];[6;22;7;21];[23;15;24;14]],Y,(8*v^10-9*v^12+ 2*v^14)+ (40*v^10-32*v^12+ 5*v^14)*z^2+ (58*v^10-30*v^12+ 2*v^14)*z^4+ (36*v^10-10*v^12)*z^6+ (10*v^10-v^12)*z^8+ v^10*z^10