Name,HOMFLY
3_1,q**(-2) + q**(-4) + 2/q**6 + q**(-8) - 1/q**12 - 1/q**14
5_1,q**(-6) + q**(-8) + 2/q**10 + q**(-12) + q**(-14) - 1/q**18 - 1/q**20 - 1/q**22
5_2,q**(-2) + q**(-6) + q**(-8) + q**(-10) + q**(-12) - 1/q**18 - 1/q**20
7_1,q**(-10) + q**(-12) + 2/q**14 + q**(-16) + q**(-18) - 1/q**26 - 1/q**28 - 1/q**30
7_2,q**(-2) + q**(-6) + q**(-8) + q**(-16) + q**(-18) - 1/q**24 - 1/q**26
7_3,q**(-6) + q**(-10) + q**(-14) + 2/q**16 + q**(-18) + q**(-20) - 1/q**22 - 1/q**24 - 1/q**26 - 1/q**28
7_4,q**(-2) - 1/q**4 + q**(-8) + q**(-10) + 2/q**12 + q**(-14) + q**(-16) - 1/q**20 - 1/q**24 - 1/q**26
7_5,q**(-6) + 2/q**10 + q**(-12) + q**(-14) + q**(-16) - 1/q**18 - 1/q**22 - 1/q**28
8_15,q**(-6) - 1/q**8 + 2/q**10 + q**(-12) + q**(-14) + 3/q**16 + q**(-20) - 2/q**22 - 2/q**24 - 1/q**26 - 2/q**28 + q**(-30) + q**(-32)
8_19,q**(-10) + q**(-12) + 2/q**14 + 2/q**16 + 2/q**18 - 1/q**22 - 2/q**24 - 2/q**26 - 1/q**28 + q**(-32)
9_1,q**(-14) + q**(-16) + 2/q**18 + q**(-20) + q**(-22) - 1/q**34 - 1/q**36 - 1/q**38
9_2,q**(-2) + q**(-6) + q**(-8) + q**(-22) + q**(-24) - 1/q**30 - 1/q**32
9_3,q**(-10) + q**(-14) + q**(-18) + q**(-20) + q**(-22) + 2/q**24 - 1/q**30 - 1/q**32 - 1/q**34 - 1/q**36
9_4,q**(-6) + q**(-10) + q**(-16) + q**(-20) + q**(-22) + q**(-24) + q**(-26) - 1/q**28 - 1/q**30 - 1/q**32 - 1/q**34
9_5,q**(-2) - 1/q**4 + q**(-8) + q**(-12) + q**(-14) + q**(-16) + q**(-18) + q**(-22) - 1/q**26 - 1/q**30 - 1/q**32
9_6,q**(-10) + 2/q**14 + q**(-16) + 2/q**18 + q**(-20) - 1/q**22 - 2/q**26 - 1/q**36
9_7,q**(-6) + 2/q**10 + q**(-12) + q**(-16) - 1/q**18 + q**(-26) - 1/q**28 - 1/q**34
9_9,q**(-10) + 2/q**14 + q**(-18) + q**(-20) + 2/q**24 - 1/q**26 - 1/q**30 - 1/q**32 - 1/q**36
9_10,q**(-6) - 1/q**8 + q**(-10) + 2/q**16 + 2/q**20 + q**(-22) + q**(-24) + q**(-26) - 2/q**28 - 1/q**30 - 1/q**32 - 1/q**34
9_13,q**(-6) - 1/q**8 + q**(-10) + 3/q**16 + q**(-18) + 2/q**20 - 1/q**24 - 2/q**28 - 1/q**34
9_16,q**(-10) + 3/q**14 + q**(-16) + 2/q**18 + q**(-20) - 2/q**22 - 3/q**26 + q**(-34) - 1/q**36
9_18,q**(-6) - 1/q**8 + 2/q**10 + q**(-12) + 2/q**16 - 1/q**18 + q**(-20) + q**(-26) - 2/q**28 - 1/q**34
9_23,q**(-6) - 1/q**8 + 2/q**10 + q**(-12) + 3/q**16 + q**(-20) - 1/q**22 - 2/q**24 - 2/q**28 + q**(-30) + q**(-32) - 1/q**34
9_35,q**(-2) - 1/q**4 + q**(-8) - 1/q**10 + q**(-14) + 2/q**16 + 3/q**18 + q**(-20) + q**(-22) - 1/q**24 - 2/q**26 - 1/q**30 - 1/q**32
9_38,q**(-6) - 2/q**8 + 2/q**10 + q**(-12) + 4/q**16 + 2/q**20 - 1/q**22 - 2/q**24 - 3/q**28 + q**(-30) + q**(-32) - 1/q**34
9_49,q**(-6) - 1/q**8 + q**(-10) + q**(-14) + 3/q**16 + q**(-18) + 2/q**20 - 1/q**22 - 1/q**24 - 1/q**26 - 2/q**28
10_49,q**(-10) - 1/q**12 + 2/q**14 + 2/q**18 + 3/q**20 + 3/q**24 - 2/q**26 - 1/q**28 - 2/q**30 - 3/q**32 - 1/q**36 + q**(-38) + q**(-40)
10_53,q**(-6) - 2/q**8 + 2/q**10 + q**(-12) - 1/q**14 + 4/q**16 + 2/q**20 + q**(-22) - 1/q**24 + q**(-26) - 4/q**28 - 1/q**30 - 2/q**34 + q**(-36) + q**(-38)
10_55,q**(-6) - 1/q**8 + 2/q**10 + q**(-12) - 1/q**14 + 3/q**16 + q**(-20) + q**(-22) - 1/q**24 + q**(-26) - 3/q**28 - 1/q**30 - 2/q**34 + q**(-36) + q**(-38)
10_63,q**(-6) - 1/q**8 + 2/q**10 + q**(-12) - 1/q**14 + 2/q**16 - 1/q**18 + q**(-20) + 2/q**22 + q**(-24) + 2/q**26 - 3/q**28 - 2/q**30 - 1/q**32 - 2/q**34 + q**(-36) + q**(-38)
10_66,q**(-10) - 1/q**12 + 3/q**14 + 2/q**18 + 3/q**20 - 2/q**22 + 2/q**24 - 3/q**26 - 2/q**32 + q**(-34) - 2/q**36 + q**(-40)
10_80,q**(-10) - 1/q**12 + 3/q**14 + 2/q**18 + 3/q**20 - 1/q**22 + 3/q**24 - 3/q**26 - 1/q**28 - 2/q**30 - 3/q**32 + q**(-34) - 1/q**36 + q**(-38) + q**(-40)
10_101,q**(-6) - 2/q**8 + 2/q**10 + q**(-12) - 2/q**14 + 4/q**16 + 2/q**20 + 2/q**22 - 1/q**24 + 2/q**26 - 4/q**28 - 1/q**30 - 3/q**34 + q**(-36) + q**(-38)
10_120,q**(-6) - 3/q**8 + 3/q**10 + 2/q**12 - 2/q**14 + 5/q**16 - 1/q**18 + 2/q**20 + q**(-22) - 2/q**24 + 2/q**26 - 5/q**28 + q**(-32) - 3/q**34 + q**(-36) + q**(-38)
10_124,q**(-14) + q**(-16) + 2/q**18 + 2/q**20 + 2/q**22 + q**(-24) - 2/q**28 - 2/q**30 - 2/q**32 - 1/q**34 + q**(-40)
10_128,q**(-10) + q**(-14) + q**(-16) + 2/q**18 + q**(-20) + q**(-22) + q**(-24) - 1/q**26 - 1/q**28 - 2/q**30 - 1/q**32 - 1/q**34 + q**(-38)
10_134,q**(-10) + 2/q**14 + q**(-16) + 2/q**18 + q**(-20) + q**(-24) - 2/q**26 - 1/q**28 - 2/q**30 - 1/q**32 + q**(-38)
10_139,q**(-14) + q**(-16) + 2/q**18 + 2/q**20 + q**(-22) - 1/q**28 - 1/q**32 - 1/q**34 - 1/q**36 - 1/q**38 + q**(-40)
10_142,q**(-10) + q**(-14) + q**(-18) + q**(-20) + 2/q**22 + 3/q**24 - 1/q**28 - 3/q**30 - 2/q**32 - 1/q**34 + q**(-38)
10_152,q**(-14) + q**(-16) + 2/q**18 + 3/q**20 + 2/q**22 + q**(-24) - 3/q**28 - 2/q**30 - 3/q**32 - 1/q**34 + 2/q**40
10_154,q**(-10) + q**(-12) + q**(-14) + 2/q**16 + 2/q**18 + q**(-22) - 1/q**24 - 1/q**26 - 2/q**28 - 2/q**30 - 1/q**34 + q**(-36) + q**(-38)
10_161,q**(-10) + q**(-12) + q**(-14) + q**(-16) + q**(-18) + q**(-22) - 1/q**28 - 1/q**30 - 1/q**34
11a_43,q**(-10) - 2/q**12 + 4/q**14 - 1/q**16 + 2/q**18 + 6/q**20 - 2/q**22 + 5/q**24 - 4/q**26 - 3/q**28 - 3/q**30 - 6/q**32 + 3/q**34 + 2/q**38 + 3/q**40 - 1/q**42 - 1/q**44
11a_94,q**(-10) - 1/q**12 + 3/q**14 + q**(-18) + 4/q**20 - 2/q**22 + 3/q**24 - 2/q**26 - 2/q**28 - 4/q**32 + 2/q**34 - 1/q**36 + 2/q**40 - 1/q**42
11a_95,q**(-6) - 1/q**8 + 2/q**10 + q**(-12) - 1/q**14 + 3/q**16 + q**(-22) - 1/q**24 + q**(-26) - 2/q**28 - 1/q**30 + q**(-32) - 2/q**34 + q**(-36) + q**(-38) - 1/q**40
11a_123,q**(-6) - 2/q**8 + 2/q**10 + q**(-12) - 3/q**14 + 5/q**16 + q**(-18) + q**(-20) + 3/q**22 - 2/q**24 + 2/q**26 - 4/q**28 - 2/q**30 + q**(-32) - 4/q**34 + 2/q**36 + 2/q**38 - 1/q**40
11a_124,q**(-10) - 2/q**12 + 4/q**14 - 1/q**16 + q**(-18) + 6/q**20 - 3/q**22 + 5/q**24 - 3/q**26 - 2/q**28 - 6/q**32 + 3/q**34 - 2/q**36 + 3/q**40 - 1/q**42
11a_186,q**(-10) - 1/q**12 + 3/q**14 + q**(-18) + 3/q**20 - 2/q**22 + 3/q**24 - 2/q**26 - 1/q**28 - 3/q**32 + 2/q**34 - 1/q**36 + q**(-40) - 1/q**42
11a_191,q**(-10) - 1/q**12 + 2/q**14 + q**(-18) + 3/q**20 - 1/q**22 + 3/q**24 - 1/q**26 - 1/q**28 - 3/q**32 + q**(-34) - 1/q**36 + q**(-40) - 1/q**42
11a_192,q**(-6) - 2/q**8 + 2/q**10 + q**(-12) - 2/q**14 + 4/q**16 + q**(-20) + 2/q**22 - 1/q**24 + 2/q**26 - 3/q**28 - 1/q**30 + q**(-32) - 3/q**34 + q**(-36) + q**(-38) - 1/q**40
11a_200,q**(-6) - 1/q**8 + 2/q**10 + q**(-12) - 2/q**14 + 3/q**16 + 2/q**22 - 1/q**24 + 2/q**26 - 2/q**28 - 1/q**30 + q**(-32) - 3/q**34 + q**(-36) + q**(-38) - 1/q**40
11a_227,q**(-10) - 2/q**12 + 4/q**14 - 1/q**16 + q**(-18) + 5/q**20 - 3/q**22 + 5/q**24 - 3/q**26 - 1/q**28 - 5/q**32 + 3/q**34 - 2/q**36 + 2/q**40 - 1/q**42
11a_234,q**(-14) + 2/q**18 + q**(-20) + 2/q**22 + q**(-24) - 2/q**30 - 1/q**34 - 1/q**44
11a_235,q**(-10) - 1/q**12 + 2/q**14 + q**(-18) + 2/q**20 - 1/q**22 + 3/q**24 - 1/q**26 - 2/q**32 + q**(-34) - 1/q**36 - 1/q**42
11a_236,q**(-10) - 1/q**12 + 3/q**14 + q**(-18) + 3/q**20 - 3/q**22 + 2/q**24 - 2/q**26 + 2/q**30 - 2/q**32 + 2/q**34 - 2/q**36 - 1/q**38 + q**(-40) - 1/q**42
11a_237,q**(-6) - 2/q**8 + 2/q**10 + q**(-12) - 2/q**14 + 4/q**16 + q**(-20) + q**(-22) - 2/q**24 + 2/q**26 - 2/q**28 + q**(-30) + 2/q**32 - 3/q**34 - 1/q**40
11a_238,q**(-6) - 1/q**8 + 2/q**10 + q**(-12) - 1/q**14 + 2/q**16 - 1/q**18 + q**(-22) + 2/q**26 - 1/q**28 + q**(-32) - 2/q**34 - 1/q**40
11a_240,q**(-14) + 3/q**18 + q**(-20) + 3/q**22 + q**(-24) - 1/q**26 - 4/q**30 - 2/q**34 + q**(-38) + q**(-42) - 1/q**44
11a_241,q**(-10) - 1/q**12 + 3/q**14 + q**(-18) + 3/q**20 - 2/q**22 + 3/q**24 - 2/q**26 - 1/q**28 - 3/q**32 + 2/q**34 - 1/q**36 + q**(-40) - 1/q**42
11a_242,q**(-10) + 2/q**14 + q**(-16) + q**(-18) + q**(-20) - 1/q**22 + q**(-24) - 1/q**26 - 1/q**28 - 1/q**32 + q**(-34) - 1/q**42
11a_243,q**(-6) - 1/q**8 + 2/q**10 + q**(-12) - 1/q**14 + 3/q**16 - 2/q**24 + q**(-26) - 1/q**28 + q**(-30) + 2/q**32 - 2/q**34 - 1/q**40
11a_244,q**(-10) - 2/q**12 + 4/q**14 - 1/q**16 + q**(-18) + 5/q**20 - 4/q**22 + 4/q**24 - 3/q**26 + 2/q**30 - 4/q**32 + 3/q**34 - 3/q**36 - 1/q**38 + 2/q**40 - 1/q**42
11a_245,q**(-10) + 3/q**14 + q**(-16) + q**(-18) + 2/q**20 - 3/q**22 - 2/q**26 - 1/q**28 + 2/q**30 - 1/q**32 + 2/q**34 - 1/q**36 - 1/q**38 + q**(-40) - 1/q**42
11a_246,q**(-6) + 2/q**10 + q**(-12) + q**(-16) - 1/q**18 - 1/q**20 + q**(-26) + q**(-32) - 1/q**34 - 1/q**40
11a_247,q**(-2) + q**(-6) + q**(-8) + q**(-28) + q**(-30) - 1/q**36 - 1/q**38
11a_263,q**(-14) + 4/q**18 + q**(-20) + 4/q**22 + q**(-24) - 2/q**26 - 1/q**28 - 7/q**30 - 2/q**34 + 2/q**36 + 3/q**38 + q**(-42) - 2/q**44
11a_291,q**(-10) - 2/q**12 + 2/q**14 + 2/q**18 + 4/q**20 - 1/q**22 + 4/q**24 - 2/q**26 - 1/q**28 - 1/q**30 - 4/q**32 + q**(-34) - 1/q**36 + q**(-38) + q**(-40) - 1/q**42
11a_292,q**(-6) - 3/q**8 + 3/q**10 + 2/q**12 - 3/q**14 + 5/q**16 - 1/q**18 + q**(-20) + 2/q**22 - 2/q**24 + 3/q**26 - 4/q**28 + 2/q**32 - 4/q**34 + q**(-36) + q**(-38) - 1/q**40
11a_298,q**(-10) - 2/q**12 + 3/q**14 - 1/q**16 + q**(-18) + 5/q**20 - 2/q**22 + 5/q**24 - 2/q**26 - 1/q**28 - 5/q**32 + 2/q**34 - 2/q**36 + 2/q**40 - 1/q**42
11a_299,q**(-6) - 2/q**8 + 2/q**10 + q**(-12) - 2/q**14 + 4/q**16 + q**(-20) + 2/q**22 - 1/q**24 + 2/q**26 - 3/q**28 - 1/q**30 + q**(-32) - 3/q**34 + q**(-36) + q**(-38) - 1/q**40
11a_318,q**(-10) - 2/q**12 + 4/q**14 - 1/q**16 + q**(-18) + 4/q**20 - 4/q**22 + 4/q**24 - 3/q**26 + q**(-28) + 2/q**30 - 3/q**32 + 3/q**34 - 3/q**36 - 1/q**38 + q**(-40) - 1/q**42
11a_319,q**(-10) - 2/q**12 + 3/q**14 - 1/q**16 + q**(-18) + 4/q**20 - 2/q**22 + 5/q**24 - 2/q**26 - 4/q**32 + 2/q**34 - 2/q**36 + q**(-40) - 1/q**42
11a_320,q**(-6) - 2/q**8 + 2/q**10 + q**(-12) - 3/q**14 + 4/q**16 + q**(-20) + 3/q**22 - 1/q**24 + 3/q**26 - 3/q**28 - 1/q**30 + q**(-32) - 4/q**34 + q**(-36) + q**(-38) - 1/q**40
11a_329,q**(-6) - 3/q**8 + 3/q**10 + 2/q**12 - 4/q**14 + 5/q**16 - 1/q**18 + q**(-20) + 4/q**22 - 1/q**24 + 4/q**26 - 5/q**28 - 2/q**30 + q**(-32) - 5/q**34 + 2/q**36 + 2/q**38 - 1/q**40
11a_334,q**(-14) + 2/q**18 + 2/q**22 + q**(-24) + q**(-28) - 2/q**30 + q**(-32) - 1/q**34 - 1/q**40 - 1/q**44
11a_335,q**(-10) - 1/q**12 + 2/q**14 + q**(-18) + 2/q**20 - 2/q**22 + 2/q**24 - 1/q**26 + q**(-28) + 2/q**30 - 1/q**32 + q**(-34) - 2/q**36 - 1/q**38 - 1/q**42
11a_336,q**(-10) - 1/q**12 + q**(-14) + q**(-18) + 2/q**20 + 3/q**24 - 2/q**32 - 1/q**36 - 1/q**42
11a_337,q**(-6) - 2/q**8 + 2/q**10 + q**(-12) - 2/q**14 + 3/q**16 - 1/q**18 + q**(-20) + 2/q**22 + 3/q**26 - 2/q**28 + q**(-32) - 3/q**34 - 1/q**40
11a_338,q**(-14) + 3/q**18 + 2/q**22 - 1/q**26 + 2/q**28 - 2/q**30 + 2/q**32 - 2/q**34 - 1/q**36 - 1/q**40 + q**(-42) - 1/q**44
11a_339,q**(-10) + 2/q**14 + q**(-20) - 1/q**22 + 2/q**24 + q**(-30) - 1/q**32 + q**(-34) - 1/q**36 - 1/q**38 - 1/q**42
11a_340,q**(-10) - 1/q**12 + 2/q**14 - 1/q**16 + 3/q**20 + 5/q**24 - 1/q**28 - 1/q**30 - 4/q**32 + q**(-34) - 1/q**36 + q**(-40) - 1/q**42
11a_341,q**(-6) - 1/q**8 + q**(-10) - 1/q**14 + 3/q**16 + q**(-18) + q**(-20) + q**(-22) - 1/q**24 + q**(-26) - 1/q**28 + q**(-32) - 2/q**34 - 1/q**40
11a_342,q**(-6) + q**(-10) + q**(-16) + q**(-26) + q**(-28) + q**(-30) + q**(-32) - 1/q**34 - 1/q**36 - 1/q**38 - 1/q**40
11a_343,q**(-2) - 1/q**4 + q**(-8) + q**(-12) + q**(-14) + q**(-22) + q**(-24) + q**(-28) - 1/q**32 - 1/q**36 - 1/q**38
11a_353,q**(-10) - 2/q**12 + 3/q**14 - 1/q**16 + q**(-18) + 4/q**20 - 3/q**22 + 4/q**24 - 2/q**26 + q**(-28) + 2/q**30 - 3/q**32 + 2/q**34 - 3/q**36 - 1/q**38 + q**(-40) - 1/q**42
11a_354,q**(-6) - 2/q**8 + 2/q**10 + q**(-12) - 3/q**14 + 3/q**16 - 1/q**18 + q**(-20) + 4/q**22 + q**(-24) + 4/q**26 - 3/q**28 - 2/q**30 - 4/q**34 + q**(-36) + q**(-38) - 1/q**40
11a_355,q**(-14) + 2/q**18 + q**(-22) + 2/q**28 + 2/q**32 - 1/q**34 - 1/q**36 - 1/q**38 - 1/q**40 - 1/q**44
11a_356,q**(-10) - 1/q**12 + 2/q**14 - 1/q**16 + 2/q**20 - 1/q**22 + 4/q**24 + q**(-28) + q**(-30) - 2/q**32 + q**(-34) - 2/q**36 - 1/q**38 - 1/q**42
11a_357,q**(-10) - 1/q**12 + 2/q**14 - 1/q**16 + 3/q**20 - 1/q**22 + 4/q**24 + q**(-30) - 3/q**32 + q**(-34) - 2/q**36 - 1/q**38 + q**(-40) - 1/q**42
11a_358,q**(-10) + q**(-14) + 2/q**24 + q**(-26) + q**(-28) + q**(-30) - 1/q**36 - 1/q**38 - 1/q**40 - 1/q**42
11a_359,q**(-6) - 1/q**8 + q**(-10) - 1/q**14 + 2/q**16 + q**(-20) + q**(-22) + 2/q**26 + q**(-30) + q**(-32) - 2/q**34 - 1/q**36 - 1/q**38 - 1/q**40
11a_360,q**(-6) - 1/q**8 + q**(-10) - 1/q**14 + 2/q**16 + q**(-20) + 2/q**22 + q**(-24) + 2/q**26 - 1/q**28 - 1/q**30 - 2/q**34 - 1/q**40
11a_361,q**(-6) - 1/q**8 + q**(-10) - 2/q**14 + 2/q**16 + q**(-20) + 3/q**22 + q**(-24) + 3/q**26 - 1/q**28 - 1/q**30 - 3/q**34 - 1/q**40
11a_362,q**(-2) - 1/q**4 + q**(-8) - 1/q**10 + q**(-14) + q**(-18) + q**(-20) + 2/q**22 + 2/q**24 + q**(-28) - 1/q**30 - 2/q**32 - 1/q**36 - 1/q**38
11a_363,q**(-2) - 1/q**4 + q**(-8) - 1/q**10 + q**(-14) + q**(-16) + 2/q**18 + q**(-20) + q**(-22) - 1/q**26 + q**(-28) - 1/q**32 - 1/q**36 - 1/q**38
11a_364,q**(-14) + q**(-18) + q**(-22) + q**(-24) + q**(-26) + q**(-28) + q**(-32) - 1/q**38 - 1/q**40 - 1/q**42 - 1/q**44
11a_365,q**(-10) - 1/q**12 + q**(-14) + q**(-18) + q**(-20) - 1/q**22 + 2/q**24 + 2/q**28 + 2/q**30 - 2/q**36 - 1/q**38 - 1/q**40 - 1/q**42
11a_366,q**(-6) - 2/q**8 + 2/q**10 + q**(-12) - 2/q**14 + 2/q**16 - 2/q**18 + q**(-20) + 2/q**22 + q**(-24) + 4/q**26 - 1/q**28 + q**(-30) + q**(-32) - 3/q**34 - 1/q**36 - 1/q**38 - 1/q**40
11a_367,q**(-18) + q**(-20) + 2/q**22 + q**(-24) + q**(-26) - 1/q**42 - 1/q**44 - 1/q**46
11n_77,q**(-14) + q**(-16) + 2/q**18 + 4/q**20 + 2/q**22 + q**(-24) - 5/q**28 - 3/q**30 - 4/q**32 + 2/q**36 + q**(-38) + 3/q**40 - 1/q**42 - 1/q**44
11n_93,q**(-10) - 1/q**12 + 2/q**14 + 2/q**18 + 2/q**20 + 3/q**24 - 2/q**26 - 2/q**30 - 2/q**32 - 1/q**36 + q**(-38)
11n_126,q**(-10) - 1/q**12 + q**(-14) + q**(-16) + 3/q**18 + 2/q**20 + q**(-22) + 2/q**24 - 2/q**26 - 1/q**28 - 3/q**30 - 2/q**32 - 1/q**34 + 2/q**38
11n_136,q**(-10) - 1/q**12 + 3/q**14 + 2/q**18 + 2/q**20 - 2/q**22 + 2/q**24 - 3/q**26 + q**(-28) - 1/q**32 + q**(-34) - 2/q**36
11n_169,q**(-10) - 1/q**12 + q**(-14) + 2/q**18 + 2/q**20 + q**(-22) + 3/q**24 - 1/q**26 - 2/q**30 - 2/q**32 - 1/q**34 - 1/q**36 + q**(-38)
11n_171,q**(-6) - 2/q**8 + 2/q**10 + q**(-12) - 1/q**14 + 3/q**16 - 1/q**18 + 2/q**20 + q**(-22) + 2/q**26 - 3/q**28 - 2/q**34
11n_180,q**(-10) - 1/q**12 + 2/q**14 - 1/q**16 + q**(-18) + 2/q**20 + 4/q**24 - 1/q**26 + q**(-28) - 1/q**30 - 2/q**32 - 2/q**36
11n_181,q**(-6) - 1/q**8 + q**(-10) - 1/q**14 + 2/q**16 + 2/q**20 + 2/q**22 + q**(-24) + 2/q**26 - 2/q**28 - 1/q**30 - 1/q**32 - 2/q**34
11n_183,q**(-10) + q**(-12) + q**(-16) + q**(-18) + 3/q**22 + q**(-24) + q**(-26) - 2/q**28 - 3/q**30 - 1/q**32 - 2/q**34 + q**(-36) + q**(-38)
12a_43,q**(-10) - 2/q**12 + 4/q**14 - 1/q**16 + 7/q**20 - 4/q**22 + 5/q**24 - 1/q**26 - 3/q**28 + 2/q**30 - 7/q**32 + 3/q**34 - 2/q**36 - 2/q**38 + 4/q**40 - 2/q**42 + q**(-46)
12a_52,q**(-14) - 1/q**16 + 3/q**18 + 3/q**22 + 2/q**24 + 3/q**28 - 4/q**30 + q**(-32) - 3/q**34 - 2/q**36 - 2/q**40 + q**(-42) - 1/q**44 + q**(-46) + q**(-48)
12a_53,q**(-10) - 2/q**12 + 4/q**14 - 1/q**16 + 5/q**20 - 4/q**22 + 5/q**24 - 1/q**26 + 3/q**30 - 5/q**32 + 2/q**34 - 4/q**36 - 3/q**38 + 2/q**40 - 1/q**42 + q**(-44) + q**(-46)
12a_55,q**(-10) - 1/q**12 + 3/q**14 + 5/q**20 - 3/q**22 + 3/q**24 - 3/q**28 + 2/q**30 - 5/q**32 + 2/q**34 - 1/q**36 - 2/q**38 + 3/q**40 - 2/q**42 + q**(-46)
12a_56,q**(-6) - 1/q**8 + 2/q**10 + q**(-12) - 1/q**14 + 3/q**16 - 1/q**20 + q**(-22) - 1/q**24 + q**(-26) + 2/q**32 - 3/q**34 - 1/q**36 - 2/q**40 + q**(-42) + q**(-44)
12a_82,q**(-10) - 2/q**12 + 4/q**14 - 1/q**16 + 6/q**20 - 4/q**22 + 5/q**24 - 1/q**26 - 2/q**28 + 2/q**30 - 6/q**32 + 3/q**34 - 2/q**36 - 2/q**38 + 3/q**40 - 2/q**42 + q**(-46)
12a_93,q**(-14) - 1/q**16 + 3/q**18 - 1/q**20 + 3/q**22 + 2/q**24 + 4/q**28 - 4/q**30 + 2/q**32 - 3/q**34 - 2/q**36 - 3/q**40 + q**(-42) - 1/q**44 + q**(-46) + q**(-48)
12a_94,q**(-10) - 2/q**12 + 3/q**14 - 1/q**16 + 5/q**20 - 3/q**22 + 5/q**24 + 3/q**30 - 5/q**32 + q**(-34) - 4/q**36 - 3/q**38 + 2/q**40 - 1/q**42 + q**(-44) + q**(-46)
12a_96,q**(-10) - 1/q**12 + 2/q**14 + 3/q**20 - 2/q**22 + 3/q**24 + q**(-26) + 3/q**30 - 3/q**32 - 3/q**36 - 3/q**38 + q**(-40) - 1/q**42 + q**(-44) + q**(-46)
12a_97,q**(-6) - 2/q**8 + 2/q**10 + q**(-12) - 3/q**14 + 4/q**16 + 4/q**22 + 3/q**26 - 2/q**28 - 2/q**30 + q**(-32) - 5/q**34 + q**(-38) - 2/q**40 + q**(-42) + q**(-44)
12a_102,q**(-10) - 3/q**12 + 5/q**14 - 2/q**16 + 8/q**20 - 5/q**22 + 7/q**24 - 2/q**26 - 2/q**28 + 2/q**30 - 8/q**32 + 4/q**34 - 3/q**36 - 2/q**38 + 4/q**40 - 2/q**42 + q**(-46)
12a_107,q**(-10) - 3/q**12 + 5/q**14 - 2/q**16 + 8/q**20 - 5/q**22 + 7/q**24 - 2/q**26 - 2/q**28 + 2/q**30 - 8/q**32 + 4/q**34 - 3/q**36 - 2/q**38 + 4/q**40 - 2/q**42 + q**(-46)
12a_143,q**(-14) - 1/q**16 + 2/q**18 + 2/q**22 + 2/q**24 + q**(-26) + 3/q**28 - 2/q**30 + q**(-32) - 2/q**34 - 2/q**36 - 1/q**38 - 2/q**40 - 1/q**44 + q**(-46) + q**(-48)
12a_144,q**(-10) - 2/q**12 + 3/q**14 - 1/q**16 + 4/q**20 - 3/q**22 + 5/q**24 + q**(-28) + 3/q**30 - 4/q**32 + q**(-34) - 4/q**36 - 3/q**38 + q**(-40) - 1/q**42 + q**(-44) + q**(-46)
12a_145,q**(-10) - 2/q**12 + 3/q**14 - 1/q**16 + 6/q**20 - 3/q**22 + 5/q**24 - 2/q**28 + 2/q**30 - 6/q**32 + 2/q**34 - 2/q**36 - 2/q**38 + 3/q**40 - 2/q**42 + q**(-46)
12a_152,q**(-6) - 2/q**8 + 2/q**10 + q**(-12) - 2/q**14 + 4/q**16 + 2/q**22 - 1/q**24 + 2/q**26 - 1/q**28 + 2/q**32 - 4/q**34 - 1/q**36 - 2/q**40 + q**(-42) + q**(-44)
12a_156,q**(-6) - 2/q**8 + 2/q**10 + q**(-12) - 4/q**14 + 4/q**16 + 5/q**22 + 4/q**26 - 2/q**28 - 2/q**30 + q**(-32) - 6/q**34 + q**(-38) - 2/q**40 + q**(-42) + q**(-44)
12a_276,q**(-14) - 1/q**16 + 4/q**18 - 1/q**20 + 4/q**22 + 2/q**24 - 2/q**26 + 4/q**28 - 6/q**30 + 2/q**32 - 3/q**34 - 2/q**36 + 2/q**38 - 3/q**40 + 2/q**42 - 1/q**44 + q**(-48)
12a_277,q**(-10) - 1/q**12 + 3/q**14 + 4/q**20 - 3/q**22 + 3/q**24 - 2/q**28 + 2/q**30 - 4/q**32 + 2/q**34 - 1/q**36 - 2/q**38 + 2/q**40 - 2/q**42 + q**(-46)
12a_293,q**(-10) - 2/q**12 + 4/q**14 - 1/q**16 - 1/q**18 + 7/q**20 - 5/q**22 + 5/q**24 - 3/q**28 + 4/q**30 - 7/q**32 + 4/q**34 - 2/q**36 - 3/q**38 + 4/q**40 - 3/q**42 + q**(-46)
12a_295,q**(-10) - 2/q**12 + 4/q**14 - 1/q**16 + 7/q**20 - 4/q**22 + 5/q**24 - 1/q**26 - 4/q**28 + q**(-30) - 7/q**32 + 4/q**34 - 1/q**38 + 4/q**40 - 3/q**42 - 1/q**44 + q**(-46)
12a_319,q**(-10) - 2/q**12 + 3/q**14 - 1/q**16 - 1/q**18 + 5/q**20 - 3/q**22 + 6/q**24 + q**(-26) - 1/q**28 + 3/q**30 - 6/q**32 + 2/q**34 - 3/q**36 - 3/q**38 + 2/q**40 - 2/q**42 + q**(-44) + q**(-46)
12a_320,q**(-6) - 2/q**8 + 2/q**10 + q**(-12) - 4/q**14 + 5/q**16 + q**(-18) - 1/q**20 + 4/q**22 - 2/q**24 + 3/q**26 - 1/q**28 - 1/q**30 + 3/q**32 - 6/q**34 + q**(-38) - 3/q**40 + q**(-42) + q**(-44)
12a_344,q**(-10) - 1/q**12 + 3/q**14 + 4/q**20 - 3/q**22 + 3/q**24 - 1/q**28 + 3/q**30 - 4/q**32 + q**(-34) - 3/q**36 - 3/q**38 + 2/q**40 - 1/q**42 + q**(-44) + q**(-46)
12a_345,q**(-6) - 1/q**8 + 2/q**10 + q**(-12) - 2/q**14 + 3/q**16 - 1/q**20 + 3/q**22 + 2/q**26 - 1/q**28 - 2/q**30 + q**(-32) - 4/q**34 + q**(-38) - 2/q**40 + q**(-42) + q**(-44)
12a_355,q**(-10) - 1/q**12 + 3/q**14 + 3/q**20 - 3/q**22 + 3/q**24 + 3/q**30 - 3/q**32 + q**(-34) - 3/q**36 - 3/q**38 + q**(-40) - 1/q**42 + q**(-44) + q**(-46)
12a_356,q**(-6) - 1/q**8 + 2/q**10 + q**(-12) - 2/q**14 + 3/q**16 - 1/q**20 + 2/q**22 - 1/q**24 + 2/q**26 + 2/q**32 - 4/q**34 - 1/q**36 - 2/q**40 + q**(-42) + q**(-44)
12a_367,q**(-14) - 1/q**16 + 3/q**18 - 1/q**20 + 3/q**22 + 2/q**24 - 1/q**26 + 4/q**28 - 4/q**30 + 2/q**32 - 2/q**34 - 2/q**36 + q**(-38) - 3/q**40 + q**(-42) - 1/q**44 + q**(-48)
12a_368,q**(-10) - 2/q**12 + 3/q**14 - 1/q**16 + 5/q**20 - 3/q**22 + 5/q**24 - 1/q**28 + 2/q**30 - 5/q**32 + 2/q**34 - 2/q**36 - 2/q**38 + 2/q**40 - 2/q**42 + q**(-46)
12a_391,q**(-10) - 2/q**12 + 3/q**14 - 1/q**16 - 1/q**18 + 5/q**20 - 4/q**22 + 5/q**24 + q**(-26) + 5/q**30 - 5/q**32 + 2/q**34 - 4/q**36 - 4/q**38 + 2/q**40 - 2/q**42 + q**(-44) + q**(-46)
12a_392,q**(-6) - 2/q**8 + 2/q**10 + q**(-12) - 4/q**14 + 4/q**16 - 1/q**20 + 5/q**22 + 4/q**26 - 1/q**28 - 2/q**30 + 2/q**32 - 6/q**34 + q**(-38) - 3/q**40 + q**(-42) + q**(-44)
12a_420,q**(-10) - 1/q**12 + 2/q**14 + 3/q**20 - 1/q**22 + 4/q**24 + q**(-26) - 1/q**28 + q**(-30) - 4/q**32 - 2/q**36 - 2/q**38 + q**(-40) - 1/q**42 + q**(-44) + q**(-46)
12a_421,q**(-6) - 2/q**8 + 2/q**10 + q**(-12) - 3/q**14 + 5/q**16 + q**(-18) + 3/q**22 - 2/q**24 + 2/q**26 - 2/q**28 - 1/q**30 + 2/q**32 - 5/q**34 + q**(-38) - 2/q**40 + q**(-42) + q**(-44)
12a_431,q**(-10) - 3/q**12 + 5/q**14 - 2/q**16 - 1/q**18 + 9/q**20 - 6/q**22 + 7/q**24 - 1/q**26 - 3/q**28 + 4/q**30 - 9/q**32 + 5/q**34 - 3/q**36 - 3/q**38 + 5/q**40 - 3/q**42 + q**(-46)
12a_432,q**(-10) - 2/q**12 + 4/q**14 - 1/q**16 - 1/q**18 + 6/q**20 - 5/q**22 + 5/q**24 - 1/q**28 + 5/q**30 - 6/q**32 + 3/q**34 - 4/q**36 - 4/q**38 + 3/q**40 - 2/q**42 + q**(-44) + q**(-46)
12a_442,q**(-10) - 1/q**12 + 2/q**14 + 2/q**20 - 2/q**22 + 3/q**24 + q**(-26) + q**(-28) + 3/q**30 - 2/q**32 - 3/q**36 - 3/q**38 - 1/q**42 + q**(-44) + q**(-46)
12a_443,q**(-6) - 2/q**8 + 2/q**10 + q**(-12) - 3/q**14 + 4/q**16 + 3/q**22 - 1/q**24 + 3/q**26 - 1/q**28 + 2/q**32 - 5/q**34 - 1/q**36 - 2/q**40 + q**(-42) + q**(-44)
12a_490,q**(-10) - 2/q**12 + 4/q**14 - 1/q**16 - 1/q**18 + 6/q**20 - 4/q**22 + 6/q**24 - 2/q**28 + 3/q**30 - 7/q**32 + 3/q**34 - 3/q**36 - 3/q**38 + 3/q**40 - 2/q**42 + q**(-44) + q**(-46)
12a_574,q**(-14) - 1/q**16 + 3/q**18 + 3/q**22 + 2/q**24 - 1/q**26 + 2/q**28 - 5/q**30 + q**(-32) - 1/q**34 + 2/q**38 - 2/q**40 - 2/q**44 + q**(-48)
12a_575,q**(-10) - 2/q**12 + 4/q**14 - 1/q**16 + 5/q**20 - 5/q**22 + 4/q**24 - 1/q**26 + 4/q**30 - 4/q**32 + 3/q**34 - 3/q**36 - 3/q**38 + 2/q**40 - 2/q**42 + q**(-46)
12a_586,q**(-10) - 2/q**12 + 3/q**14 - 1/q**16 - 1/q**18 + 6/q**20 - 4/q**22 + 5/q**24 + q**(-26) - 2/q**28 + 4/q**30 - 6/q**32 + 3/q**34 - 2/q**36 - 3/q**38 + 3/q**40 - 3/q**42 + q**(-46)
12a_610,q**(-6) - 2/q**8 + 2/q**10 + q**(-12) - 3/q**14 + 4/q**16 - 1/q**20 + 3/q**22 - 1/q**24 + 3/q**26 + 3/q**32 - 5/q**34 - 1/q**36 - 3/q**40 + q**(-42) + q**(-44)
12a_615,q**(-10) - 2/q**12 + 4/q**14 - 1/q**16 - 1/q**18 + 8/q**20 - 5/q**22 + 5/q**24 - 5/q**28 + 3/q**30 - 8/q**32 + 5/q**34 - 2/q**38 + 5/q**40 - 4/q**42 - 1/q**44 + q**(-46)
12a_647,q**(-14) - 1/q**16 + 4/q**18 - 1/q**20 + 4/q**22 + 2/q**24 - 2/q**26 + 3/q**28 - 7/q**30 + 2/q**32 - 2/q**34 + 3/q**38 - 3/q**40 + q**(-42) - 2/q**44 + q**(-48)
12a_648,q**(-10) - 1/q**12 + 3/q**14 + 4/q**20 - 4/q**22 + 2/q**24 - 1/q**28 + 4/q**30 - 3/q**32 + 2/q**34 - 2/q**36 - 3/q**38 + 2/q**40 - 2/q**42 + q**(-46)
12a_653,q**(-6) - 2/q**8 + 2/q**10 + q**(-12) - 3/q**14 + 5/q**16 + q**(-18) - 1/q**20 + 3/q**22 - 2/q**24 + 2/q**26 - 1/q**28 - 1/q**30 + 3/q**32 - 5/q**34 + q**(-38) - 3/q**40 + q**(-42) + q**(-44)
12a_659,q**(-10) - 3/q**12 + 5/q**14 - 2/q**16 - 1/q**18 + 8/q**20 - 6/q**22 + 7/q**24 - 1/q**26 - 2/q**28 + 4/q**30 - 8/q**32 + 5/q**34 - 3/q**36 - 3/q**38 + 4/q**40 - 3/q**42 + q**(-46)
12a_679,q**(-6) - 1/q**8 + 2/q**10 + q**(-12) - 1/q**14 + 2/q**16 - 1/q**18 - 1/q**20 + q**(-22) + 2/q**26 + q**(-28) + q**(-30) + 2/q**32 - 3/q**34 - 2/q**36 - 1/q**38 - 2/q**40 + q**(-42) + q**(-44)
12a_811,q**(-14) - 1/q**16 + 4/q**18 - 1/q**20 + 4/q**22 + 2/q**24 - 1/q**26 + 4/q**28 - 6/q**30 + 2/q**32 - 4/q**34 - 2/q**36 + q**(-38) - 3/q**40 + 2/q**42 - 1/q**44 + q**(-46) + q**(-48)
12a_813,q**(-14) - 1/q**16 + 3/q**18 - 1/q**20 + 3/q**22 + 2/q**24 + 5/q**28 - 3/q**30 + 2/q**32 - 4/q**34 - 4/q**36 - 1/q**38 - 3/q**40 + 2/q**42 + q**(-46) + q**(-48)
12a_814,q**(-10) - 2/q**12 + 3/q**14 - 1/q**16 + 5/q**20 - 2/q**22 + 6/q**24 - 1/q**28 + q**(-30) - 6/q**32 + q**(-34) - 3/q**36 - 2/q**38 + 2/q**40 - 1/q**42 + q**(-44) + q**(-46)
12a_817,q**(-14) - 1/q**16 + 4/q**18 - 1/q**20 + 4/q**22 + 2/q**24 - 1/q**26 + 4/q**28 - 6/q**30 + 2/q**32 - 4/q**34 - 2/q**36 + q**(-38) - 3/q**40 + 2/q**42 - 1/q**44 + q**(-46) + q**(-48)
12a_828,q**(-10) - 2/q**12 + 3/q**14 - 1/q**16 - 1/q**18 + 6/q**20 - 3/q**22 + 6/q**24 + q**(-26) - 2/q**28 + 3/q**30 - 7/q**32 + 2/q**34 - 3/q**36 - 3/q**38 + 3/q**40 - 2/q**42 + q**(-44) + q**(-46)
12a_876,q**(-14) - 1/q**16 + 2/q**18 - 1/q**20 + 3/q**22 + 3/q**24 + q**(-26) + 4/q**28 - 3/q**30 + q**(-32) - 3/q**34 - 3/q**36 - 1/q**38 - 3/q**40 + q**(-42) + q**(-46) + q**(-48)
12a_877,q**(-10) - 2/q**12 + 2/q**14 + q**(-18) + 4/q**20 - 2/q**22 + 4/q**24 + 2/q**30 - 4/q**32 - 3/q**36 - 2/q**38 + q**(-40) - 1/q**42 + q**(-44) + q**(-46)
12a_880,q**(-6) - 3/q**8 + 3/q**10 + 2/q**12 - 4/q**14 + 5/q**16 - 1/q**18 + 4/q**22 - 1/q**24 + 4/q**26 - 3/q**28 - 1/q**30 + 2/q**32 - 6/q**34 + q**(-38) - 2/q**40 + q**(-42) + q**(-44)
12a_900,q**(-10) - 3/q**12 + 5/q**14 - 2/q**16 - 1/q**18 + 7/q**20 - 6/q**22 + 7/q**24 - 1/q**26 + 5/q**30 - 7/q**32 + 4/q**34 - 5/q**36 - 4/q**38 + 3/q**40 - 2/q**42 + q**(-44) + q**(-46)
12a_973,q**(-10) - 3/q**12 + 4/q**14 - 1/q**16 + 8/q**20 - 5/q**22 + 6/q**24 - 1/q**26 - 3/q**28 + 3/q**30 - 8/q**32 + 4/q**34 - 2/q**36 - 2/q**38 + 4/q**40 - 3/q**42 + q**(-46)
12a_974,q**(-6) - 3/q**8 + 3/q**10 + 2/q**12 - 4/q**14 + 6/q**16 - 1/q**20 + 3/q**22 - 3/q**24 + 3/q**26 - 2/q**28 + 4/q**32 - 6/q**34 + q**(-38) - 3/q**40 + q**(-42) + q**(-44)
12a_995,q**(-10) - 3/q**12 + 4/q**14 - 1/q**16 + 7/q**20 - 5/q**22 + 6/q**24 - 1/q**26 - 1/q**28 + 4/q**30 - 7/q**32 + 3/q**34 - 4/q**36 - 3/q**38 + 3/q**40 - 2/q**42 + q**(-44) + q**(-46)
12a_996,q**(-6) - 3/q**8 + 3/q**10 + 2/q**12 - 5/q**14 + 6/q**16 - 1/q**20 + 5/q**22 - 2/q**24 + 4/q**26 - 3/q**28 - 2/q**30 + 3/q**32 - 7/q**34 + q**(-36) + 2/q**38 - 3/q**40 + q**(-42) + q**(-44)
12a_1004,q**(-10) - 3/q**12 + 5/q**14 - 2/q**16 - 1/q**18 + 8/q**20 - 6/q**22 + 7/q**24 - 1/q**26 - 1/q**28 + 5/q**30 - 8/q**32 + 4/q**34 - 5/q**36 - 4/q**38 + 4/q**40 - 2/q**42 + q**(-44) + q**(-46)
12a_1035,q**(-10) - 2/q**12 + 2/q**14 + 4/q**20 - 3/q**22 + 4/q**24 + q**(-26) + 4/q**30 - 4/q**32 + q**(-34) - 3/q**36 - 3/q**38 + q**(-40) - 2/q**42 + q**(-44) + q**(-46)
12a_1037,q**(-6) - 3/q**8 + 3/q**10 + 2/q**12 - 5/q**14 + 5/q**16 - 1/q**18 - 1/q**20 + 5/q**22 - 1/q**24 + 5/q**26 - 2/q**28 - 1/q**30 + 3/q**32 - 7/q**34 + q**(-38) - 3/q**40 + q**(-42) + q**(-44)
12a_1097,q**(-6) - 3/q**8 + 3/q**10 + 2/q**12 - 6/q**14 + 6/q**16 - 2/q**20 + 6/q**22 - 2/q**24 + 5/q**26 - 2/q**28 - 2/q**30 + 4/q**32 - 8/q**34 + q**(-36) + 2/q**38 - 4/q**40 + q**(-42) + q**(-44)
12a_1112,q**(-10) - 3/q**12 + 4/q**14 - 1/q**16 + 6/q**20 - 5/q**22 + 6/q**24 - 1/q**26 + 4/q**30 - 6/q**32 + 3/q**34 - 4/q**36 - 3/q**38 + 2/q**40 - 2/q**42 + q**(-44) + q**(-46)
12a_1113,q**(-6) - 3/q**8 + 3/q**10 + 2/q**12 - 6/q**14 + 6/q**16 - 1/q**20 + 6/q**22 - 2/q**24 + 5/q**26 - 3/q**28 - 2/q**30 + 3/q**32 - 8/q**34 + q**(-36) + 2/q**38 - 3/q**40 + q**(-42) + q**(-44)
12n_74,q**(-14) + 3/q**18 + q**(-20) + 3/q**22 + q**(-24) - 4/q**30 - 3/q**34 + q**(-42) - 1/q**44 + q**(-46)
12n_77,q**(-10) + 2/q**14 + q**(-16) + q**(-18) + q**(-20) - 1/q**22 + q**(-24) - 1/q**26 + q**(-30) - 1/q**32 - 2/q**36 - 1/q**38 + q**(-44)
12n_88,q**(-10) - 2/q**12 + 4/q**14 - 1/q**16 + 2/q**18 + 5/q**20 - 2/q**22 + 5/q**24 - 4/q**26 - 1/q**28 - 2/q**30 - 5/q**32 + 2/q**34 - 2/q**36 + q**(-38) + 2/q**40
12n_91,q**(-14) + q**(-16) + q**(-18) + 4/q**20 + q**(-22) + q**(-24) + 2/q**26 - 4/q**28 - 4/q**32 - 1/q**34 - 2/q**38 + 3/q**40 - 1/q**42 + q**(-46)
12n_96,q**(-10) + 2/q**14 + q**(-16) + 2/q**18 + q**(-24) - 2/q**26 + q**(-28) - 1/q**30 - 1/q**34 - 2/q**36 - 1/q**40 + q**(-42) + q**(-44)
12n_100,q**(-10) - 2/q**12 + 3/q**14 - 1/q**16 + q**(-18) + 4/q**20 - 1/q**22 + 6/q**24 - 2/q**26 - 1/q**30 - 5/q**32 + q**(-34) - 3/q**36 + q**(-40) + q**(-44)
12n_105,q**(-14) + q**(-16) + q**(-18) + 2/q**20 + q**(-22) + q**(-24) + 2/q**26 - 1/q**28 + q**(-30) - 2/q**32 - 2/q**34 - 2/q**36 - 3/q**38 + q**(-40) + q**(-44) + q**(-46)
12n_110,q**(-10) + q**(-16) + 2/q**18 + 3/q**22 + 2/q**24 - 3/q**30 - 1/q**32 - 3/q**34 - 1/q**36 + q**(-38) - 1/q**40 + q**(-42) + q**(-44)
12n_133,q**(-10) - 2/q**12 + 4/q**14 - 1/q**16 + 2/q**18 + 5/q**20 - 2/q**22 + 5/q**24 - 4/q**26 - 1/q**28 - 2/q**30 - 5/q**32 + 2/q**34 - 2/q**36 + q**(-38) + 2/q**40
12n_136,q**(-14) + q**(-16) + q**(-18) + 4/q**20 + q**(-22) + q**(-24) + 2/q**26 - 4/q**28 - 4/q**32 - 1/q**34 - 2/q**38 + 3/q**40 - 1/q**42 + q**(-46)
12n_153,q**(-14) + 2/q**18 + 2/q**20 + 2/q**22 + q**(-24) + q**(-26) - 1/q**28 - 2/q**30 - 1/q**32 - 2/q**34 - 1/q**38 + q**(-40) - 1/q**44 + q**(-46)
12n_166,q**(-14) + 2/q**18 + 2/q**22 + q**(-24) + q**(-26) + 2/q**28 - 1/q**30 + q**(-32) - 3/q**34 - 2/q**36 - 2/q**38 - 1/q**40 + q**(-42) + q**(-46)
12n_169,q**(-10) - 1/q**12 + q**(-14) + q**(-18) + 2/q**20 + q**(-22) + 4/q**24 - 1/q**30 - 3/q**32 - 1/q**34 - 2/q**36 + q**(-44)
12n_177,q**(-10) - 1/q**12 + 3/q**14 + q**(-18) + 2/q**20 - 2/q**22 + 3/q**24 - 2/q**26 + q**(-28) + q**(-30) - 2/q**32 + q**(-34) - 3/q**36 - 1/q**38 + q**(-44)
12n_187,q**(-14) + q**(-16) + q**(-18) + 3/q**20 + q**(-22) + q**(-24) + 2/q**26 - 3/q**28 - 3/q**32 - 1/q**34 - 2/q**38 + 2/q**40 - 1/q**42 + q**(-46)
12n_203,q**(-10) - 1/q**12 + q**(-14) + 2/q**18 + q**(-20) + 2/q**22 + 4/q**24 - 1/q**26 + q**(-28) - 3/q**30 - 2/q**32 - 2/q**34 - 2/q**36 + q**(-38) - 1/q**40 + q**(-42) + q**(-44)
12n_217,q**(-10) + q**(-14) + q**(-16) + 2/q**18 + q**(-22) + q**(-24) - 1/q**26 + q**(-28) - 1/q**30 - 2/q**34 - 2/q**36 - 1/q**40 + q**(-42) + q**(-44)
12n_242,q**(-18) + q**(-20) + 2/q**22 + 2/q**24 + 2/q**26 + q**(-28) - 1/q**32 - 1/q**34 - 2/q**36 - 1/q**38 - 1/q**40 - 1/q**42 + q**(-48)
12n_243,q**(-14) + q**(-18) + q**(-20) + q**(-22) + q**(-24) + 2/q**26 + q**(-28) + q**(-30) - 2/q**34 - 2/q**36 - 3/q**38 + q**(-46)
12n_244,q**(-14) + 2/q**18 + q**(-20) + 2/q**22 + q**(-24) + q**(-26) - 2/q**30 - 2/q**34 - 1/q**38 - 1/q**44 + q**(-46)
12n_245,q**(-10) - 1/q**12 + q**(-14) + q**(-18) + q**(-20) + q**(-22) + 4/q**24 + q**(-28) - 1/q**30 - 2/q**32 - 1/q**34 - 2/q**36 - 1/q**40 + q**(-44)
12n_251,q**(-10) + q**(-14) + q**(-16) + q**(-18) + q**(-24) + q**(-28) + q**(-30) - 1/q**34 - 2/q**36 - 1/q**38 - 1/q**40 + q**(-44)
12n_259,q**(-10) - 2/q**12 + 3/q**14 - 1/q**16 + 2/q**18 + 4/q**20 - 1/q**22 + 5/q**24 - 3/q**26 - 2/q**30 - 4/q**32 + q**(-34) - 2/q**36 + q**(-38) + q**(-40)
12n_289,q**(-10) - 1/q**12 + 3/q**14 + q**(-18) + 3/q**20 - 2/q**22 + 3/q**24 - 2/q**26 + q**(-30) - 3/q**32 + q**(-34) - 3/q**36 - 1/q**38 + q**(-40) + q**(-44)
12n_292,q**(-14) + 2/q**18 + 2/q**20 + 2/q**22 + q**(-24) + 2/q**26 - 1/q**28 - 2/q**30 - 1/q**32 - 3/q**34 - 2/q**38 + q**(-40) - 1/q**44 + 2/q**46
12n_305,q**(-14) + 2/q**18 + q**(-20) + 2/q**22 + q**(-24) + q**(-26) + q**(-28) - 1/q**30 - 3/q**34 - 2/q**36 - 2/q**38 + q**(-42) + q**(-46)
12n_308,q**(-10) - 1/q**12 + 2/q**14 + q**(-18) + 2/q**20 + 4/q**24 - 1/q**26 - 1/q**30 - 3/q**32 - 2/q**36 + q**(-44)
12n_328,q**(-14) + q**(-16) + q**(-18) + 2/q**20 + q**(-22) + q**(-24) + q**(-26) - 1/q**28 + q**(-30) - 2/q**32 - 1/q**34 - 2/q**36 - 2/q**38 + q**(-40) + q**(-44)
12n_338,q**(-14) + 2/q**18 + q**(-20) + 2/q**22 + q**(-24) + q**(-26) - 2/q**30 - 2/q**34 - 1/q**38 - 1/q**44 + q**(-46)
12n_341,q**(-10) - 1/q**12 + 2/q**14 + q**(-18) + 2/q**20 - 1/q**22 + 3/q**24 - 1/q**26 + q**(-28) + q**(-30) - 2/q**32 - 3/q**36 - 1/q**38 + q**(-44)
12n_374,q**(-14) + q**(-18) + 2/q**20 + q**(-22) + q**(-24) + 2/q**26 - 1/q**28 - 1/q**32 - 1/q**34 - 2/q**38 + q**(-40) - 1/q**42 - 1/q**44 + q**(-46)
12n_386,q**(-14) + 2/q**18 + 2/q**20 + 2/q**22 + q**(-24) + q**(-26) - 2/q**28 - 3/q**30 - 1/q**32 - 1/q**34 + 2/q**36 + q**(-40) - 1/q**42 - 2/q**44 + q**(-46)
12n_406,q**(-10) - 2/q**12 + 2/q**14 + 2/q**18 + 3/q**20 - 1/q**22 + 4/q**24 - 2/q**26 + q**(-28) - 3/q**32 - 3/q**36 + q**(-44)
12n_417,q**(-14) + q**(-16) + q**(-18) + 3/q**20 + q**(-22) + q**(-24) + q**(-26) - 3/q**28 - 3/q**32 - 1/q**38 + 2/q**40 - 1/q**42
12n_426,q**(-14) + q**(-16) + q**(-18) + 2/q**20 + 2/q**22 + 2/q**24 + q**(-26) - 2/q**28 - 1/q**30 - 3/q**32 - 1/q**34 - 1/q**36 - 1/q**38 + q**(-40) + q**(-44)
12n_453,q**(-10) - 2/q**12 + 3/q**14 - 1/q**16 + q**(-18) + 4/q**20 - 2/q**22 + 5/q**24 - 2/q**26 + q**(-28) + q**(-30) - 4/q**32 + q**(-34) - 4/q**36 - 1/q**38 + q**(-40) + q**(-44)
12n_472,q**(-18) + q**(-20) + 2/q**22 + 2/q**24 + q**(-26) + q**(-28) - 1/q**32 - 2/q**36 - 1/q**40 - 1/q**42 - 1/q**46 + q**(-48)
12n_473,q**(-14) + q**(-18) + q**(-20) + q**(-22) + q**(-24) + 2/q**26 - 1/q**34 - 2/q**38 - 1/q**42 - 1/q**44 + q**(-46)
12n_474,q**(-14) + q**(-18) + q**(-22) + q**(-24) + 2/q**26 + 2/q**28 + q**(-30) + q**(-32) - 2/q**34 - 2/q**36 - 3/q**38 - 1/q**40 + q**(-46)
12n_477,q**(-10) - 1/q**12 + q**(-14) + q**(-18) + q**(-20) + 3/q**24 + 2/q**28 + q**(-30) - 1/q**32 - 1/q**34 - 3/q**36 - 1/q**38 - 1/q**40 + q**(-44)
12n_502,q**(-14) + q**(-18) + q**(-20) + 2/q**22 + 2/q**24 + 2/q**26 - 1/q**30 - 1/q**32 - 2/q**34 - 1/q**36 - 2/q**38 + q**(-46)
12n_503,q**(-10) - 1/q**12 + q**(-14) + q**(-16) + 2/q**18 + q**(-20) + 2/q**24 - 1/q**26 + q**(-28) - 1/q**32 - 1/q**34 - 2/q**36 - 1/q**40 + q**(-44)
12n_518,q**(-14) + q**(-16) + q**(-18) + 4/q**20 + q**(-22) + q**(-24) + 2/q**26 - 5/q**28 - 1/q**30 - 4/q**32 + 2/q**36 - 1/q**38 + 3/q**40 - 2/q**42 - 1/q**44 + q**(-46)
12n_574,q**(-18) + q**(-20) + 2/q**22 + 2/q**24 + q**(-26) - 1/q**30 - 1/q**32 + q**(-34) + q**(-38) - 1/q**40 - 2/q**42 - 1/q**44 - 1/q**46 + q**(-48)
12n_575,q**(-14) + q**(-18) + q**(-20) + 2/q**26 + q**(-28) + 2/q**30 + q**(-32) - 1/q**34 - 1/q**36 - 3/q**38 - 1/q**42 - 1/q**44 + q**(-46)
12n_576,q**(-14) + 2/q**18 + q**(-22) + q**(-26) + 2/q**28 + 2/q**32 - 2/q**34 - 1/q**36 - 2/q**38 - 1/q**40 - 1/q**44 + q**(-46)
12n_581,q**(-10) + q**(-14) + 2/q**24 + q**(-26) + 2/q**28 + 2/q**30 - 1/q**34 - 3/q**36 - 2/q**38 - 1/q**40 + q**(-44)
12n_585,q**(-10) - 1/q**12 + 2/q**14 + q**(-18) + q**(-20) - 1/q**22 + 3/q**24 - 1/q**26 + 2/q**28 + q**(-30) - 1/q**32 - 3/q**36 - 1/q**38 - 1/q**40 + q**(-44)
12n_591,q**(-14) + q**(-16) + q**(-18) + q**(-20) + q**(-22) + q**(-24) + q**(-26) + q**(-30) - 1/q**32 - 1/q**34 - 2/q**36 - 2/q**38 + q**(-44)
12n_594,q**(-10) + q**(-16) + 2/q**18 + 2/q**22 + q**(-24) - 2/q**30 - 2/q**34 + q**(-38) - 1/q**40
12n_600,q**(-10) - 1/q**12 + 2/q**14 - 1/q**16 + q**(-20) - 1/q**22 + 4/q**24 + 3/q**28 + 2/q**30 - 1/q**32 - 4/q**36 - 2/q**38 - 1/q**40 + q**(-44)
12n_638,q**(-10) + 2/q**14 + q**(-16) + 2/q**18 - 1/q**22 - 2/q**26 + q**(-28) + q**(-32) - 1/q**36 - 1/q**40
12n_640,q**(-14) + q**(-16) + q**(-18) + 2/q**20 + q**(-26) - 1/q**28 + 2/q**30 - 1/q**32 - 1/q**36 - 2/q**38 + q**(-40) - 1/q**42
12n_644,q**(-10) + q**(-14) + q**(-18) + q**(-22) + 2/q**24 + q**(-28) - 1/q**30 - 1/q**34 - 1/q**36 - 1/q**40
12n_647,q**(-14) + q**(-16) + q**(-18) + 2/q**20 + q**(-22) + q**(-24) + q**(-26) - 2/q**28 - 2/q**32 - 1/q**38 + q**(-40) - 1/q**42
12n_655,q**(-10) + q**(-14) + q**(-16) + 2/q**18 - 1/q**26 + q**(-28) + q**(-32) - 1/q**34 - 1/q**36 - 1/q**40
12n_679,q**(-18) + q**(-20) + 2/q**22 + 3/q**24 + 2/q**26 + 2/q**28 - 2/q**32 - 1/q**34 - 4/q**36 - 1/q**38 - 2/q**40 - 1/q**42 + q**(-44) + 2/q**48
12n_680,q**(-14) + q**(-18) + 2/q**20 + q**(-22) + q**(-24) + 3/q**26 + q**(-30) - 1/q**32 - 3/q**34 - 2/q**36 - 4/q**38 + q**(-40) + 2/q**46
12n_688,q**(-18) + q**(-20) + 2/q**22 + 3/q**24 + q**(-26) + 2/q**28 - 2/q**32 - 4/q**36 - 2/q**40 - 1/q**42 + q**(-44) - 1/q**46 + 2/q**48
12n_689,q**(-14) + q**(-18) + q**(-20) + q**(-22) + q**(-24) + 3/q**26 + q**(-28) + q**(-30) - 3/q**34 - 2/q**36 - 4/q**38 + 2/q**46
12n_691,q**(-14) + q**(-18) + 3/q**20 + q**(-22) + q**(-24) + 3/q**26 - 2/q**28 - 2/q**32 - 2/q**34 - 3/q**38 + 2/q**40 - 1/q**42 - 1/q**44 + 2/q**46
12n_692,q**(-14) + q**(-18) + 3/q**20 + q**(-22) + q**(-24) + 3/q**26 - 2/q**28 - 2/q**32 - 2/q**34 - 3/q**38 + 2/q**40 - 1/q**42 - 1/q**44 + 2/q**46
12n_694,q**(-14) + q**(-16) + q**(-18) + 3/q**20 + q**(-22) + q**(-24) + q**(-26) - 3/q**28 - 3/q**32 - 1/q**38 + 2/q**40 - 1/q**42
12n_725,q**(-18) + q**(-20) + 2/q**22 + 2/q**24 + 2/q**26 + 2/q**28 + q**(-30) - 1/q**32 - 2/q**34 - 4/q**36 - 2/q**38 - 1/q**40 + q**(-44) + q**(-48)
12n_758,q**(-10) - 2/q**12 + 3/q**14 - 1/q**16 + q**(-18) + 3/q**20 - 2/q**22 + 5/q**24 - 2/q**26 + 2/q**28 + q**(-30) - 3/q**32 + q**(-34) - 4/q**36 - 1/q**38 + q**(-44)
12n_764,q**(-10) - 1/q**12 + q**(-14) + 2/q**18 + q**(-20) + q**(-22) + 3/q**24 - 1/q**26 + q**(-28) - 2/q**30 - 1/q**32 - 1/q**34 - 1/q**36 + q**(-38) - 1/q**40
12n_806,q**(-10) - 2/q**12 + 2/q**14 + 3/q**18 + 3/q**20 + 4/q**24 - 3/q**26 - 3/q**30 - 3/q**32 - 1/q**36 + 2/q**38
12n_850,q**(-14) + q**(-16) + q**(-18) + q**(-20) + q**(-26) + 2/q**30 - 1/q**36 - 2/q**38 - 1/q**42
12n_851,q**(-10) + q**(-18) + 2/q**22 + 2/q**24 + q**(-26) + q**(-28) - 1/q**30 - 2/q**34 - 1/q**36 - 1/q**40
12n_881,q**(-6) - 3/q**8 + 3/q**10 + 2/q**12 - 3/q**14 + 5/q**16 - 1/q**18 + 2/q**20 + 3/q**22 - 1/q**24 + 3/q**26 - 6/q**28 - 2/q**30 - 4/q**34 + 2/q**36 + 2/q**38
12n_888,q**(-18) + q**(-20) + 2/q**22 + 3/q**24 + q**(-28) - 1/q**30 - 2/q**32 + 2/q**34 - 2/q**36 + 2/q**38 - 2/q**40 - 2/q**42 - 2/q**46 + 2/q**48
